Whitewater_**_http://dbpedia.org/resource/Whitewater_controversy	President	0.323345774296	Bank	0.15193628693	Politician	0.150780263307	Person	0.130516111509	OfficeHolder	0.123017584403	Region	0.112148871113	AdministrativeRegion	0.112148871113	ArchitecturalStructure	0.108406103665	Building	0.108406103665	Agent	0.0982348653576		GOLD_STANDARD:	
LONDON_**_http://dbpedia.org/resource/London	AdministrativeRegion	0.550133055881	Region	0.550133055881	City	0.446254501089	Settlement	0.411878575209	PopulatedPlace	0.297616361954	Place	0.28341206877	Country	0.189802001973	EthnicGroup	0.156212670521	GovernmentAgency	0.132144341748	Company	0.114621573754		GOLD_STANDARD:	Place	PopulatedPlace	Settlement
John Major_**_http://dbpedia.org/resource/John_Major	OfficeHolder	0.359473193175	Person	0.306244896468	Agent	0.209655308208	Building	0.137556535547	ArchitecturalStructure	0.137556535547	PoliticalParty	0.126425291462	Bank	0.123583154262	Country	0.0985244910609	Organisation	0.0889183228842	President	0.084820654136		GOLD_STANDARD:	Agent	Person	OfficeHolder
SOFIA_**_http://dbpedia.org/resource/Sofia	Region	0.478187217161	AdministrativeRegion	0.478187217161	EthnicGroup	0.275303694921	City	0.261924464426	Settlement	0.252107921633	PopulatedPlace	0.186960777204	PrimeMinister	0.178237999175	Place	0.172025630274	Bank	0.13388585389	Country	0.114971846584		GOLD_STANDARD:	Place	PopulatedPlace	Settlement	City
Kenneth Clarke_**_http://dbpedia.org/resource/Kenneth_Clarke	OfficeHolder	0.419309081835	Person	0.374021444323	Agent	0.24645555235	ArchitecturalStructure	0.233592865285	Building	0.233592865285	President	0.174741191329	GovernmentAgency	0.107161205458	Politician	0.105876692837	PoliticalParty	0.0895566069159	Organisation	0.0869981873831		GOLD_STANDARD:	Agent	Person	OfficeHolder
Clinton_**_http://dbpedia.org/resource/Bill_Clinton	PoliticalParty	0.25123246627	Person	0.235066663115	OfficeHolder	0.234473741374	Agent	0.200868951142	PrimeMinister	0.175473123943	Politician	0.175473123943	Organisation	0.158121811175	ArchitecturalStructure	0.156186338163	Building	0.156186338163	GovernmentAgency	0.152647117994		GOLD_STANDARD:	Agent	Person	Politician	President
Democrat_**_http://dbpedia.org/resource/Democratic_Party_(United_States)	PoliticalParty	0.397033742871	President	0.389659163231	Organisation	0.201903283458	Politician	0.189061514953	ArchitecturalStructure	0.182721202752	Building	0.182721202752	Agent	0.178000007202	Person	0.160926238447	OfficeHolder	0.155552109373	GovernmentAgency	0.111391048106		GOLD_STANDARD:	Agent	Organisation	PoliticalParty
Tokyo_**_http://dbpedia.org/resource/Tokyo	Country	0.23817079305	PopulatedPlace	0.207352107911	GovernmentAgency	0.205215612601	Place	0.199932995567	Settlement	0.18689660965	City	0.176835125104	PrimeMinister	0.142272977039	Politician	0.124001511178	Organisation	0.117362608395	Building	0.1034845351		GOLD_STANDARD:	Place	PopulatedPlace	Settlement	City
Howard_**_http://dbpedia.org/resource/John_Howard	OfficeHolder	0.316138818641	Person	0.296504952318	Agent	0.21931481491	President	0.207969531221	ArchitecturalStructure	0.194300608667	Building	0.194300608667	PoliticalParty	0.191355486932	Politician	0.158129324152	PrimeMinister	0.133209220618	Organisation	0.12282714315		GOLD_STANDARD:	Agent	Person	OfficeHolder
BOJ_**_http://dbpedia.org/resource/Bank_of_Japan	GovernmentAgency	0.375850475399	PrimeMinister	0.245274572029	Organisation	0.232746713103	Politician	0.198163019566	Country	0.185496889773	City	0.174294137097	PopulatedPlace	0.172842486321	Settlement	0.164938578542	Company	0.164649482461	Place	0.164180584318		GOLD_STANDARD:	
Bulgaria_**_http://dbpedia.org/resource/Bulgaria	EthnicGroup	0.723447922509	PrimeMinister	0.415452621831	Country	0.292492610396	Region	0.279667818835	AdministrativeRegion	0.279667818835	Politician	0.277875527315	PopulatedPlace	0.225090882767	Place	0.211342471892	Bank	0.177258344542	City	0.156656648997		GOLD_STANDARD:	Place	PopulatedPlace	Country
Cabinet_**_http://dbpedia.org/resource/Cabinet_(government)	GovernmentAgency	0.342841613498	PrimeMinister	0.220627926052	PoliticalParty	0.213499071349	Politician	0.212085856741	Organisation	0.204065118764	President	0.195001718119	EthnicGroup	0.156583598564	ArchitecturalStructure	0.145735193759	Building	0.145735193759	Agent	0.123990923174		GOLD_STANDARD:	
Sumitomo Bank_**_http://dbpedia.org/resource/The_Sumitomo_Bank	Bank	0.298563053783	GovernmentAgency	0.272663356024	Company	0.193675639507	Organisation	0.18236064999	Country	0.135773923703	ArchitecturalStructure	0.130406403545	Building	0.130406403545	President	0.123159563749	PoliticalParty	0.117363571684	Agent	0.108838545396		GOLD_STANDARD:	
Ronald Reagan_**_http://dbpedia.org/resource/Ronald_Reagan	President	0.409363756076	OfficeHolder	0.397132320835	Person	0.378031734464	Agent	0.250871901786	Politician	0.250785799965	PrimeMinister	0.171496821909	PoliticalParty	0.146131617191	ArchitecturalStructure	0.116512350224	Building	0.116512350224	EthnicGroup	0.113849220296		GOLD_STANDARD:	Agent	Person	OfficeHolder
Dow Jones_**_http://dbpedia.org/resource/Dow_Jones_Industrial_Average	President	0.285113914714	ArchitecturalStructure	0.253430141736	Building	0.253430141736	Person	0.233778872045	OfficeHolder	0.231256983122	Politician	0.192550439179	Agent	0.186957086738	AdministrativeRegion	0.16986676491	Region	0.16986676491	PrimeMinister	0.146268701412		GOLD_STANDARD:	
Robert Rubin_**_http://dbpedia.org/resource/Robert_Rubin	OfficeHolder	0.425804384781	Person	0.38131965156	Agent	0.243920551136	President	0.188541561676	ArchitecturalStructure	0.177384852232	Building	0.177384852232	Politician	0.112809458398	Country	0.0876498664726	Company	0.0866963110234	GovernmentAgency	0.0806774560944		GOLD_STANDARD:	Agent	Person	OfficeHolder
Dole_**_http://dbpedia.org/resource/Bob_Dole	President	0.392702543569	Politician	0.219628583831	PoliticalParty	0.216710825514	Person	0.202538978798	OfficeHolder	0.191486107638	Agent	0.175729311225	Organisation	0.142217226759	PrimeMinister	0.133091603962	GovernmentAgency	0.108757975921	ArchitecturalStructure	0.0864186500352		GOLD_STANDARD:	Agent	Person	OfficeHolder
Corporacion Venezolana de Guayana_**_http://dbpedia.org/resource/Corporación_Venezolana_de_Guayana	Bank	0.27728933558	Company	0.222016205145	PrimeMinister	0.177275766484	Country	0.174045586278	PopulatedPlace	0.132855548171	Politician	0.124342433186	Place	0.121342333283	Organisation	0.120571453274	City	0.10998621272	EthnicGroup	0.102229198564		GOLD_STANDARD:	
Sumitomo_**_http://dbpedia.org/resource/The_Sumitomo_Bank	GovernmentAgency	0.198229287488	Company	0.158179277513	Country	0.136684662229	Organisation	0.132340533452	Bank	0.121126434052	PopulatedPlace	0.107913035439	Place	0.103344648493	City	0.0947095851913	Settlement	0.0834042341449	PoliticalParty	0.0826417240296		GOLD_STANDARD:	
Radical Cause_**_http://dbpedia.org/resource/Radical_Cause	PoliticalParty	0.178493081052	ArchitecturalStructure	0.168966212804	Building	0.168966212804	EthnicGroup	0.15895816266	Bank	0.139475393054	PrimeMinister	0.107162671	Organisation	0.102988206471	Agent	0.098031291488	Politician	0.0971100536377	Region	0.0953024913815		GOLD_STANDARD:	Agent	Organisation	PoliticalParty
Telstra_**_http://dbpedia.org/resource/Telstra	GovernmentAgency	0.20186502544	PoliticalParty	0.182293674556	Organisation	0.170510324069	Country	0.157409536346	PrimeMinister	0.147072864144	PopulatedPlace	0.138895621987	City	0.137003098802	Agent	0.135261705299	Place	0.133203209579	Settlement	0.123933603705		GOLD_STANDARD:	Agent	Organisation	Company
Walter Mondale_**_http://dbpedia.org/resource/Walter_Mondale	President	0.413091015747	OfficeHolder	0.35167522416	Person	0.342947027467	Politician	0.274721352631	Agent	0.23781614812	PrimeMinister	0.205536521072	PoliticalParty	0.177809456665	ArchitecturalStructure	0.134050754934	Building	0.134050754934	Organisation	0.106402548936		GOLD_STANDARD:	Agent	Person	OfficeHolder
Standard & Poor_**_http://dbpedia.org/resource/S&P_500	Bank	0.224491069212	ArchitecturalStructure	0.201578748269	Building	0.201578748269	OfficeHolder	0.131495595045	Person	0.124315515858	Company	0.123253579911	Agent	0.118557793758	GovernmentAgency	0.114948236596	Organisation	0.111000783503	Place	0.107573068607		GOLD_STANDARD:	
Nasdaq_**_http://dbpedia.org/resource/NASDAQ	GovernmentAgency	0.11106075448	PrimeMinister	0.107317572141	Bank	0.10380926192	Politician	0.097146798977	Organisation	0.0877862407248	Company	0.0809723771025	Country	0.0790573109868	PoliticalParty	0.0778813994467	President	0.0768052526493	PopulatedPlace	0.0719720703296		GOLD_STANDARD:	
Venezuela_**_http://dbpedia.org/resource/Venezuela	Country	0.304546258247	PopulatedPlace	0.237509325027	Place	0.22009655519	Company	0.218782487723	EthnicGroup	0.215334886349	City	0.188701137539	Settlement	0.180544258047	PrimeMinister	0.160731245824	GovernmentAgency	0.157535222882	Bank	0.155316210316		GOLD_STANDARD:	Place	PopulatedPlace	Country
Australian Democrats_**_http://dbpedia.org/resource/Australian_Democrats	PoliticalParty	0.398598826538	President	0.289676307056	Country	0.288771399126	Organisation	0.285484470711	Agent	0.239050457981	PopulatedPlace	0.236509423295	Place	0.231859004756	EthnicGroup	0.230404894824	Politician	0.217196071834	GovernmentAgency	0.213932785662		GOLD_STANDARD:	Agent	Organisation	PoliticalParty
Canada_**_http://dbpedia.org/resource/Canada	Country	0.300188128378	PopulatedPlace	0.218096473971	Place	0.208830667724	Bank	0.168742568707	GovernmentAgency	0.162499515479	EthnicGroup	0.149072902198	Settlement	0.143449987476	City	0.141443816739	Company	0.12437822895	Organisation	0.108705907993		GOLD_STANDARD:	Place	PopulatedPlace	Country
Canadian_**_http://dbpedia.org/resource/Canada	Country	0.329732010446	PopulatedPlace	0.243489636446	Place	0.230695199168	GovernmentAgency	0.168386097173	City	0.166491396788	Settlement	0.165641002284	EthnicGroup	0.147007684382	Company	0.129679839674	Organisation	0.123808694322	Agent	0.107471381168		GOLD_STANDARD:	Place	PopulatedPlace	Country
United States_**_http://dbpedia.org/resource/United_States	President	0.191057121379	PoliticalParty	0.176413692726	Country	0.176098431561	EthnicGroup	0.15239968327	Organisation	0.132887424238	GovernmentAgency	0.125022957961	PopulatedPlace	0.122075985403	Bank	0.121824807431	Place	0.120254531657	Politician	0.113108010871		GOLD_STANDARD:	Place	PopulatedPlace	Country
Credit Suisse_**_http://dbpedia.org/resource/Credit_Suisse	EthnicGroup	0.133767442154	PrimeMinister	0.12988788884	GovernmentAgency	0.123634913643	Country	0.108429057724	Company	0.0961857378019	PopulatedPlace	0.0934280482913	Politician	0.0916457432568	Place	0.0904000564168	Region	0.0859316852614	AdministrativeRegion	0.0859316852614		GOLD_STANDARD:	Agent	Organisation	Company	Bank
CARACAS_**_http://dbpedia.org/resource/Caracas	AdministrativeRegion	0.491983220024	Region	0.491983220024	City	0.405458426733	Settlement	0.394446987133	PopulatedPlace	0.272558210536	Place	0.253657032356	Company	0.195981504734	Country	0.161115242531	GovernmentAgency	0.128806368488	Organisation	0.128414747971		GOLD_STANDARD:	Place	PopulatedPlace	Settlement	City
TOKYO_**_http://dbpedia.org/resource/Tokyo	Region	0.443596717672	AdministrativeRegion	0.443596717672	City	0.42891283812	Settlement	0.426782225866	PopulatedPlace	0.326830759116	Place	0.306896624918	Country	0.239957038201	GovernmentAgency	0.197608803326	Organisation	0.133735234185	EthnicGroup	0.125579848411		GOLD_STANDARD:	Place	PopulatedPlace	Settlement	City
Nihon Keizai Shimbun_**_http://dbpedia.org/resource/Nihon_Keizai_Shimbun	Country	0.185929022245	GovernmentAgency	0.184130301308	PrimeMinister	0.17544854506	PopulatedPlace	0.159652224077	City	0.156728969629	Place	0.149308132404	Settlement	0.14012458474	EthnicGroup	0.124289055894	Bank	0.123094197094	Organisation	0.114324433303		GOLD_STANDARD:	
European_**_http://dbpedia.org/resource/European_Union	EthnicGroup	0.375581750311	Country	0.354329852205	PrimeMinister	0.276678696242	PopulatedPlace	0.248767477229	Place	0.233540565109	GovernmentAgency	0.188501952895	Politician	0.170817001854	Company	0.164443546669	Bank	0.158802349678	Organisation	0.150664954434		GOLD_STANDARD:	Place	PopulatedPlace	Country
U.S. Treasury_**_http://dbpedia.org/resource/United_States_Department_of_the_Treasury	GovernmentAgency	0.483610661332	Country	0.323272851387	PopulatedPlace	0.254262475508	Place	0.247788482577	Organisation	0.242651631869	President	0.241545759363	Agent	0.201579221105	Settlement	0.188267678724	OfficeHolder	0.176470742414	PoliticalParty	0.174506452153		GOLD_STANDARD:	Agent	Organisation	GovernmentAgency
White House_**_http://dbpedia.org/resource/White_House	PoliticalParty	0.269017192681	ArchitecturalStructure	0.235775387722	Building	0.235775387722	President	0.213942467936	OfficeHolder	0.16178599852	Organisation	0.159356987975	Agent	0.157587269188	Person	0.156238912016	GovernmentAgency	0.119595133035	Politician	0.10086699448		GOLD_STANDARD:	
Reuters_**_http://dbpedia.org/resource/Reuters	Settlement	0.206920185916	City	0.200562975011	AdministrativeRegion	0.199815736328	Region	0.199815736328	PopulatedPlace	0.189793441108	GovernmentAgency	0.186873562878	Place	0.179091205451	Country	0.174397495899	Bank	0.126911570538	EthnicGroup	0.117839555003		GOLD_STANDARD:	Agent	Organisation	Company
Sidor_**_http://dbpedia.org/resource/SIDOR	Country	0.143206012849	EthnicGroup	0.121387599719	PrimeMinister	0.119548702736	GovernmentAgency	0.11783809777	Company	0.11336564513	PopulatedPlace	0.106597760418	Bank	0.105568242105	Place	0.103503019226	Organisation	0.101658365398	Politician	0.100739657002		GOLD_STANDARD:	Agent	Organisation	Company
Alan Greenspan_**_http://dbpedia.org/resource/Alan_Greenspan	OfficeHolder	0.378531889246	Person	0.351922218516	Agent	0.268742906545	President	0.214895397559	Politician	0.199982191066	GovernmentAgency	0.199767198703	ArchitecturalStructure	0.195249795312	Building	0.195249795312	PrimeMinister	0.19252558782	Organisation	0.164768766582		GOLD_STANDARD:	Agent	Person	OfficeHolder
Miltiadis Evert_**_http://dbpedia.org/resource/Miltiadis_Evert	PrimeMinister	0.239340371565	Bank	0.223906089685	Politician	0.179714078331	Person	0.158331851393	AdministrativeRegion	0.153528436221	Region	0.153528436221	OfficeHolder	0.153444729862	Company	0.151059188344	EthnicGroup	0.149730157869	Agent	0.129675359565		GOLD_STANDARD:	Agent	Person	OfficeHolder
Simitis_**_http://dbpedia.org/resource/Costas_Simitis	PrimeMinister	0.838385383904	Politician	0.522382967578	EthnicGroup	0.447920063725	Region	0.209951880872	AdministrativeRegion	0.209951880872	President	0.206380551251	GovernmentAgency	0.199553463368	Organisation	0.177671455724	PoliticalParty	0.177400062919	Agent	0.159445156359		GOLD_STANDARD:	Agent	Person	Politician	PrimeMinister
Wall Street_**_http://dbpedia.org/resource/New_York_Stock_Exchange	ArchitecturalStructure	0.235775387722	Building	0.235775387722	OfficeHolder	0.151857085462	Person	0.140482781911	Agent	0.11793553727	PoliticalParty	0.106227312866	GovernmentAgency	0.0998994275473	President	0.09843020839	Organisation	0.0883422786795	Politician	0.0645240787371		GOLD_STANDARD:	
Labor Party_**_http://dbpedia.org/resource/Australian_Labor_Party	PoliticalParty	0.478318332945	Organisation	0.288191238975	GovernmentAgency	0.22782532619	ArchitecturalStructure	0.222886476979	Building	0.222886476979	President	0.20053415612	Agent	0.196146932008	Politician	0.183024821764	PrimeMinister	0.174270154586	Person	0.13040099846		GOLD_STANDARD:	Agent	Organisation	PoliticalParty
CANBERRA_**_http://dbpedia.org/resource/Canberra	AdministrativeRegion	0.519537440042	Region	0.519537440042	City	0.367766656175	Settlement	0.366245446286	PopulatedPlace	0.259121376328	Place	0.245568431175	Company	0.173681881199	PoliticalParty	0.167876100127	Country	0.156351316809	Organisation	0.150652040754		GOLD_STANDARD:	Place	PopulatedPlace	Settlement	City
Democratic_**_http://dbpedia.org/resource/Democratic_Party_(United_States)	President	0.488801945971	PoliticalParty	0.42993808654	Politician	0.251609498366	Organisation	0.235290018707	Agent	0.187175105657	ArchitecturalStructure	0.163905252405	Building	0.163905252405	Person	0.152807310622	OfficeHolder	0.135116053572	PrimeMinister	0.133013274563		GOLD_STANDARD:	Agent	Organisation	PoliticalParty
Venezuelan_**_http://dbpedia.org/resource/Venezuela	Country	0.299618524133	PopulatedPlace	0.237307003927	Place	0.218717299516	EthnicGroup	0.213411451304	Company	0.213046074836	City	0.19448139966	PrimeMinister	0.188122693799	Settlement	0.185610575513	GovernmentAgency	0.154091426379	Politician	0.150110093698		GOLD_STANDARD:	Place	PopulatedPlace	Country
Finance Ministry_**_http://dbpedia.org/resource/Ministry_of_Finance_(Japan)	GovernmentAgency	0.362452503939	Bank	0.234492187209	PrimeMinister	0.216283608382	Organisation	0.199947283537	Politician	0.179430301635	Company	0.164909146766	PoliticalParty	0.150934504877	EthnicGroup	0.144344001185	ArchitecturalStructure	0.126955904906	Building	0.126955904906		GOLD_STANDARD:	Agent	Organisation	GovernmentAgency
Bundesbank_**_http://dbpedia.org/resource/Deutsche_Bundesbank	PrimeMinister	0.386825456977	GovernmentAgency	0.299040252353	Politician	0.274830643495	EthnicGroup	0.268973536367	Bank	0.194952195323	Organisation	0.190953351056	Country	0.182135189443	Company	0.161905777804	PopulatedPlace	0.15623223226	Place	0.147322174674		GOLD_STANDARD:	Agent	Organisation
Lloyd Bentsen_**_http://dbpedia.org/resource/Lloyd_Bentsen	OfficeHolder	0.317788399642	President	0.315594209866	Person	0.312565297595	Politician	0.235688343687	Agent	0.223263093121	ArchitecturalStructure	0.208266052368	Building	0.208266052368	PrimeMinister	0.195735410597	Bank	0.143052703048	PoliticalParty	0.124534694284		GOLD_STANDARD:	Agent	Person	OfficeHolder
Frankfurt_**_http://dbpedia.org/resource/Frankfurt_Stock_Exchange	PrimeMinister	0.174769266281	Bank	0.149100045119	Country	0.1481545717	Settlement	0.14752967738	PopulatedPlace	0.144950370024	City	0.142405534938	GovernmentAgency	0.13897322607	Place	0.136528052918	EthnicGroup	0.130801378273	Politician	0.117144684626		GOLD_STANDARD:	
Ross Perot_**_http://dbpedia.org/resource/Ross_Perot	OfficeHolder	0.366280539833	President	0.364333411055	Person	0.339769552413	Agent	0.23367547017	ArchitecturalStructure	0.201524962563	Building	0.201524962563	Politician	0.189540623704	PoliticalParty	0.157766868749	PrimeMinister	0.102144230029	Organisation	0.101057867365		GOLD_STANDARD:	Agent	Person
Japan_**_http://dbpedia.org/resource/Japan	Country	0.337082607386	PopulatedPlace	0.270071283777	Place	0.254767676098	GovernmentAgency	0.249065204865	City	0.222634793576	Settlement	0.215812824103	EthnicGroup	0.158345820011	Organisation	0.151106859723	Company	0.13128406582	PrimeMinister	0.122180934273		GOLD_STANDARD:	Place	PopulatedPlace	Country
Australian_**_http://dbpedia.org/resource/Australia	Country	0.299820519832	PopulatedPlace	0.240947275797	Place	0.22719446923	Company	0.214026739329	City	0.192576094735	PoliticalParty	0.187678964345	Settlement	0.186969836294	Organisation	0.185884691829	GovernmentAgency	0.163984254732	Agent	0.147733528373		GOLD_STANDARD:	Place	PopulatedPlace	Country
George Bush_**_http://dbpedia.org/resource/George_H._W._Bush	President	0.53523310553	Person	0.341523215959	OfficeHolder	0.338139102992	Politician	0.337176268666	Agent	0.244532077116	PrimeMinister	0.238147850234	ArchitecturalStructure	0.218361133128	Building	0.218361133128	PoliticalParty	0.183751951595	Organisation	0.123293153562		GOLD_STANDARD:	Agent	Person	OfficeHolder
Washington_**_http://dbpedia.org/resource/Washington,_D.C.	President	0.395251182901	Politician	0.192793383832	Person	0.178798164732	OfficeHolder	0.175174720054	ArchitecturalStructure	0.16934416788	Building	0.16934416788	City	0.162480925107	Agent	0.15627408054	Settlement	0.153902597044	PoliticalParty	0.150410391684		GOLD_STANDARD:	Place	PopulatedPlace	Settlement
Major_**_http://dbpedia.org/resource/John_Major	OfficeHolder	0.132337986274	Country	0.118727875138	Person	0.109789100227	Bank	0.106379519727	PoliticalParty	0.0964112767512	GovernmentAgency	0.0953843723583	Agent	0.0951611559735	PopulatedPlace	0.0832493706482	Place	0.0824940907421	Organisation	0.0768762256572		GOLD_STANDARD:	Agent	Person	OfficeHolder
Rubin_**_http://dbpedia.org/resource/Robert_Rubin	Person	0.214177910031	OfficeHolder	0.212554328316	President	0.210149992923	ArchitecturalStructure	0.16666589752	Building	0.16666589752	Politician	0.161406201303	Agent	0.156330239842	GovernmentAgency	0.14274126157	PrimeMinister	0.137034305493	Company	0.0853470726415		GOLD_STANDARD:	Agent	Person	OfficeHolder
German_**_http://dbpedia.org/resource/Germany	EthnicGroup	0.32630249184	Country	0.287083256399	PrimeMinister	0.2495352761	PopulatedPlace	0.211166167566	Place	0.196693951999	GovernmentAgency	0.160307142672	Organisation	0.152529286069	Company	0.151877468712	Politician	0.146046392496	Bank	0.141772558856		GOLD_STANDARD:	Place	PopulatedPlace	Country
MOF_**_http://dbpedia.org/resource/Ministry_of_Finance_(Japan)	GovernmentAgency	0.347843017634	PrimeMinister	0.237833414591	Politician	0.174377199307	Organisation	0.163258066482	Country	0.154519010002	Company	0.140422815469	PopulatedPlace	0.124258036412	Place	0.115390975254	Bank	0.107187491924	City	0.106733266689		GOLD_STANDARD:	Agent	Organisation	GovernmentAgency
Treasury_**_http://dbpedia.org/resource/United_States_Department_of_the_Treasury	GovernmentAgency	0.518741756671	Organisation	0.243616963509	President	0.215854255729	Agent	0.179576382267	Politician	0.175598454791	PoliticalParty	0.159321739065	Company	0.158375259029	ArchitecturalStructure	0.155957988637	Building	0.155957988637	PrimeMinister	0.155470554322		GOLD_STANDARD:	Agent	Organisation	GovernmentAgency
Greens_**_http://dbpedia.org/resource/Australian_Greens	PoliticalParty	0.401300919123	Organisation	0.22440524172	PrimeMinister	0.187458068363	ArchitecturalStructure	0.178251168633	Building	0.178251168633	EthnicGroup	0.173982690534	Politician	0.166007793453	Agent	0.162481100347	President	0.123107243634	Person	0.118249570795		GOLD_STANDARD:	Agent	Organisation	PoliticalParty
Robert_**_http://dbpedia.org/resource/Robert_Rubin	OfficeHolder	0.3878306403	Person	0.326555208152	Agent	0.191726968056	ArchitecturalStructure	0.0968424941784	Building	0.0968424941784	Bank	0.0744427910348	President	0.0699318867174	Country	0.0482372457906	Company	0.0434418576045	PoliticalParty	0.0387547505915		GOLD_STANDARD:	Agent	Person	OfficeHolder
NEW YORK_**_http://dbpedia.org/resource/New_York_City	AdministrativeRegion	0.357467057751	Region	0.357467057751	Settlement	0.261108471364	City	0.252622581927	PopulatedPlace	0.173178430701	Place	0.166964512599	Bank	0.0987817431828	Country	0.090927068249	ArchitecturalStructure	0.0861835772714	Building	0.0861835772714		GOLD_STANDARD:	Place	PopulatedPlace	Settlement	City
Costas Simitis_**_http://dbpedia.org/resource/Costas_Simitis	PrimeMinister	0.838385383904	Politician	0.491475540269	EthnicGroup	0.414926646312	Region	0.242498047003	AdministrativeRegion	0.242498047003	Bank	0.173327124325	Person	0.171145404542	Agent	0.159894889839	GovernmentAgency	0.159309706275	Organisation	0.14583174646		GOLD_STANDARD:	Agent	Person	Politician	PrimeMinister
CVG_**_http://dbpedia.org/resource/Corporación_Venezolana_de_Guayana	PrimeMinister	0.160592999635	Company	0.151476353214	GovernmentAgency	0.124225978202	Politician	0.112863568647	Organisation	0.0973719139581	Country	0.0741571845368	Agent	0.0642029729382	PoliticalParty	0.0525088811043	Bank	0.044843188729	PopulatedPlace	0.0404986705728		GOLD_STANDARD:	
OTTAWA_**_http://dbpedia.org/resource/Ottawa	Region	0.458940287142	AdministrativeRegion	0.458940287142	Settlement	0.359796651032	City	0.353161471924	PopulatedPlace	0.271314068418	Place	0.258664465376	Country	0.188390166455	GovernmentAgency	0.14612767192	Organisation	0.137513494522	PoliticalParty	0.136567788775		GOLD_STANDARD:	Place	PopulatedPlace	Settlement	City
Liberal Party_**_http://dbpedia.org/resource/Liberal_Party_of_Australia	PoliticalParty	0.500195000284	Organisation	0.274412783229	ArchitecturalStructure	0.227547101358	Building	0.227547101358	PrimeMinister	0.196581457568	Politician	0.1943355147	President	0.189843628966	Agent	0.185397782461	GovernmentAgency	0.157195527126	Person	0.121815639055		GOLD_STANDARD:	Agent	Organisation	PoliticalParty
FRANKFURT_**_http://dbpedia.org/resource/Frankfurt_am_Main	AdministrativeRegion	0.49354867496	Region	0.49354867496	City	0.367598001721	Settlement	0.365585697506	PopulatedPlace	0.261760358263	Place	0.246217725413	EthnicGroup	0.161946961807	GovernmentAgency	0.159332212646	Country	0.156210902004	Bank	0.146626997219		GOLD_STANDARD:	
Bulgarians_**_http://dbpedia.org/resource/Bulgarians	PrimeMinister	0.431423355018	Politician	0.295130234217	Country	0.242676392408	Region	0.201385946468	AdministrativeRegion	0.201385946468	PopulatedPlace	0.174215654443	Place	0.16336759163	Bank	0.133767442154	PoliticalParty	0.123147380383	Organisation	0.120442511422		GOLD_STANDARD:	EthnicGroup
Federal Reserve_**_http://dbpedia.org/resource/Federal_Reserve_System	GovernmentAgency	0.215647899514	Country	0.177528575783	Organisation	0.166778168601	PoliticalParty	0.161691023139	Bank	0.15441785254	Company	0.130036833857	PopulatedPlace	0.1275942995	Place	0.127423768479	Agent	0.126289714485	ArchitecturalStructure	0.125121599703		GOLD_STANDARD:	
Caracas_**_http://dbpedia.org/resource/Caracas	Country	0.211550968656	Company	0.210093901006	PopulatedPlace	0.194028491891	Settlement	0.18230316862	Place	0.181682731964	City	0.175695284323	PrimeMinister	0.162450941892	Bank	0.161549562609	EthnicGroup	0.127706037859	Politician	0.127458103146		GOLD_STANDARD:	Place	PopulatedPlace	Settlement	City
American Stock Exchange_**_http://dbpedia.org/resource/American_Stock_Exchange	Country	0.246611840249	ArchitecturalStructure	0.209304043839	Building	0.209304043839	GovernmentAgency	0.198457004251	Place	0.196020930857	PopulatedPlace	0.195036996562	President	0.178081819276	Bank	0.161489089126	Organisation	0.155597688001	OfficeHolder	0.153150176108		GOLD_STANDARD:	
Bangladesh_**_http://dbpedia.org/resource/Bangladesh	Country	0.263039887763	EthnicGroup	0.236776151353	PopulatedPlace	0.207393826006	Place	0.194265479153	City	0.163318329415	Settlement	0.157510269108	GovernmentAgency	0.152266782595	Company	0.121666756569	Organisation	0.111393225153	President	0.0981497498521		GOLD_STANDARD:	Place	PopulatedPlace	Country
Clarke_**_http://dbpedia.org/resource/Kenneth_Clarke	ArchitecturalStructure	0.246602395054	Building	0.246602395054	OfficeHolder	0.233643554329	Person	0.22792003459	President	0.189417077733	Agent	0.17472076595	Politician	0.141870671545	GovernmentAgency	0.140292423421	PrimeMinister	0.118097468451	PoliticalParty	0.112789387482		GOLD_STANDARD:	Agent	Person	OfficeHolder
BANGLADESH_**_http://dbpedia.org/resource/Bangladesh	City	0.24952593406	EthnicGroup	0.237378228657	Settlement	0.235006379468	AdministrativeRegion	0.209783217417	Region	0.209783217417	PopulatedPlace	0.208383011397	Place	0.19519725532	Country	0.183699886561	Bank	0.152732469603	Company	0.120572556567		GOLD_STANDARD:	Place	PopulatedPlace	Country
DHAKA_**_http://dbpedia.org/resource/Dhaka	Region	0.459316651665	AdministrativeRegion	0.459316651665	City	0.375384078499	Settlement	0.370853122234	PopulatedPlace	0.276071435916	Place	0.258765161937	Country	0.18851116697	EthnicGroup	0.116767268835	Company	0.11549083786	GovernmentAgency	0.098796041151		GOLD_STANDARD:	Place	PopulatedPlace	Settlement	City
Bob Dole_**_http://dbpedia.org/resource/Bob_Dole	OfficeHolder	0.354468558763	Person	0.32583742311	President	0.319454283502	Agent	0.240455390146	PoliticalParty	0.22571867956	Politician	0.145522562027	Organisation	0.133727848941	ArchitecturalStructure	0.131760202759	Building	0.131760202759	Company	0.0856466138664		GOLD_STANDARD:	Agent	Person	OfficeHolder
Japanese_**_http://dbpedia.org/resource/Japan	Country	0.315130254894	PopulatedPlace	0.243010532422	GovernmentAgency	0.232549005406	Place	0.229285767034	City	0.192964003324	Settlement	0.181405818911	EthnicGroup	0.178411785067	Organisation	0.139740825459	PrimeMinister	0.135999880388	Company	0.105098639157		GOLD_STANDARD:	Place	PopulatedPlace	Country
ATHENS_**_http://dbpedia.org/resource/Athens	City	0.332821711803	Settlement	0.332674995141	PrimeMinister	0.226224963938	PopulatedPlace	0.204717277162	EthnicGroup	0.201385946468	Place	0.192902579591	Politician	0.158889148758	Company	0.0971016057379	Country	0.0950392331797	GovernmentAgency	0.0881085509903		GOLD_STANDARD:	
U.S._**_http://dbpedia.org/resource/United_States	Country	0.366100246053	GovernmentAgency	0.356409783456	PopulatedPlace	0.271665333229	Place	0.259734009606	Settlement	0.187663793444	Organisation	0.180248920484	President	0.1765849111	City	0.172737087885	Agent	0.160814857874	OfficeHolder	0.157808659275		GOLD_STANDARD:	Place	PopulatedPlace	Country
John Howard_**_http://dbpedia.org/resource/John_Howard	OfficeHolder	0.427568756259	Person	0.382681103317	Agent	0.260424789742	President	0.203565501094	ArchitecturalStructure	0.197047401294	Building	0.197047401294	PoliticalParty	0.17077920804	Politician	0.134937241724	Organisation	0.107604397773	PrimeMinister	0.10062311204		GOLD_STANDARD:	Agent	Person	OfficeHolder
Chicago_**_http://dbpedia.org/resource/Chicago	Settlement	0.14726649096	City	0.128741715056	President	0.120726017442	PopulatedPlace	0.119471998835	Place	0.118932899772	ArchitecturalStructure	0.111924611947	Building	0.111924611947	Country	0.10326752947	OfficeHolder	0.0870256743757	Person	0.0847927301432		GOLD_STANDARD:	Place	PopulatedPlace	Settlement	City
GMT_**_http://dbpedia.org/resource/Greenwich_Mean_Time	City	0.140245908643	Settlement	0.135379264288	GovernmentAgency	0.121198167335	Company	0.118638905744	EthnicGroup	0.118151088117	PopulatedPlace	0.115177713797	Place	0.107897087086	Bank	0.103132837055	Country	0.0992041168723	Region	0.0963894648386		GOLD_STANDARD:	
