FOMC_**_http://dbpedia.org/resource/Federal_Open_Market_Committee	Building	0.329833791861	Person	0.298038257509	OfficeHolder	0.298038257509	GovernmentAgency	0.221017121041	Agent	0.183542829643	Organisation	0.157120807827	ArchitecturalStructure	0.152372270036	Country	0.109004324503	Place	0.10507698198	PopulatedPlace	0.103106344978		GOLD_STANDARD:	
British_**_http://dbpedia.org/resource/United_Kingdom	Country	0.279883195146	University	0.273991138041	EducationalInstitution	0.273991138041	GovernmentAgency	0.244582996972	PopulatedPlace	0.213886495069	Place	0.213662472919	Building	0.210052819396	ArchitecturalStructure	0.208397952386	Airport	0.206743085376	Infrastructure	0.206743085376		GOLD_STANDARD:	Place	PopulatedPlace	Country
Tokyo Stock Exchange_**_http://dbpedia.org/resource/Tokyo_Stock_Exchange	Airport	0.330348821094	Infrastructure	0.330348821094	ArchitecturalStructure	0.315253217861	Building	0.300157614629	GovernmentAgency	0.254704242485	University	0.191464753878	EducationalInstitution	0.191464753878	Organisation	0.189038758806	Settlement	0.184130020179	Agent	0.165087418391		GOLD_STANDARD:	
Chicago Board of Trade_**_http://dbpedia.org/resource/Chicago_Board_of_Trade	University	0.535530181525	EducationalInstitution	0.535530181525	GovernmentAgency	0.453291879546	Airport	0.295320649982	Infrastructure	0.295320649982	Organisation	0.294601160748	Agent	0.284680059769	ArchitecturalStructure	0.273365662584	Building	0.251410675186	Person	0.244995655854		GOLD_STANDARD:	Agent	Organisation	Company
LONDON_**_http://dbpedia.org/resource/London	Building	0.271613233487	ArchitecturalStructure	0.207467754457	Settlement	0.185999570051	City	0.174862928008	Place	0.16010259574	Country	0.159178054269	PopulatedPlace	0.158087057071	Airport	0.143322275426	Infrastructure	0.143322275426	TelevisionStation	0.119550841735		GOLD_STANDARD:	Place	PopulatedPlace	Settlement
Federal Open Market Committee_**_http://dbpedia.org/resource/Federal_Open_Market_Committee	GovernmentAgency	0.368642120233	Building	0.301685603419	Person	0.292639398041	OfficeHolder	0.292639398041	University	0.26210043895	EducationalInstitution	0.26210043895	Agent	0.256714366174	ArchitecturalStructure	0.249683001449	Organisation	0.248423974204	Airport	0.197680399478		GOLD_STANDARD:	
AMSTERDAM_**_http://dbpedia.org/resource/Amsterdam	Airport	0.156341158301	Infrastructure	0.156341158301	Settlement	0.135147266865	ArchitecturalStructure	0.131023847533	Country	0.125134074837	Place	0.122752452493	PopulatedPlace	0.122400478236	City	0.113720104675	Building	0.105706536766	GovernmentAgency	0.0100487663581		GOLD_STANDARD:	Place	PopulatedPlace	Settlement	City
ZURICH_**_http://dbpedia.org/resource/ZÃ¼rich	Building	0.368905908646	Settlement	0.190788610108	City	0.173954930948	ArchitecturalStructure	0.17304437569	Country	0.172380869008	Place	0.171958655877	PopulatedPlace	0.171913417551	GovernmentAgency	0.0578708050251	Bank	0.0364785511823	Person	0.0360832349109		GOLD_STANDARD:	
CNBC_**_http://dbpedia.org/resource/CNBC	Person	0.292104903352	OfficeHolder	0.292104903352	Company	0.129194879779	Agent	0.117096919356	Bank	0.111715232128	Infrastructure	0.0890828197407	Airport	0.0890828197407	ArchitecturalStructure	0.089082338599	Building	0.0890818574573	Organisation	0.0733449233566		GOLD_STANDARD:	
U.S._**_http://dbpedia.org/resource/United_States	GovernmentAgency	0.512951580968	Building	0.429927167296	University	0.394559473572	EducationalInstitution	0.394559473572	ArchitecturalStructure	0.317424492788	Organisation	0.31123585377	Agent	0.297214749195	Country	0.296416050823	Place	0.25067086379	PopulatedPlace	0.247830283832		GOLD_STANDARD:	Place	PopulatedPlace	Country
BOJ_**_http://dbpedia.org/resource/Bank_of_Japan	GovernmentAgency	0.285077869183	Building	0.255190951197	Person	0.251608499355	OfficeHolder	0.251608499355	Agent	0.196510935344	ArchitecturalStructure	0.186879587437	Organisation	0.18379611288	Country	0.148662052435	Airport	0.118568223676	Infrastructure	0.118568223676		GOLD_STANDARD:	
ITALY_**_http://dbpedia.org/resource/Italy	Country	0.204968439034	Building	0.188742602232	PopulatedPlace	0.176977728029	Place	0.173189400963	Settlement	0.146943211948	City	0.134165062242	GovernmentAgency	0.0947259645301	ArchitecturalStructure	0.0841637149104	Person	0.0465781920376	OfficeHolder	0.0465781920376		GOLD_STANDARD:	Place	PopulatedPlace	Country
Italy_**_http://dbpedia.org/resource/Italy	Country	0.304760000495	GovernmentAgency	0.241955179541	PopulatedPlace	0.210150217223	Place	0.206421455113	University	0.149926255052	EducationalInstitution	0.149926255052	Building	0.135279138444	Organisation	0.133586401193	ArchitecturalStructure	0.118795545515	Agent	0.118008915215		GOLD_STANDARD:	Place	PopulatedPlace	Country
Treasuries_**_http://dbpedia.org/resource/United_States_Treasury_security	Building	0.481370544178	GovernmentAgency	0.384899250283	ArchitecturalStructure	0.28851959813	Country	0.225155775756	Organisation	0.216727239492	Agent	0.214999740599	Person	0.207513912063	OfficeHolder	0.207513912063	Place	0.186883821444	PopulatedPlace	0.182648997415		GOLD_STANDARD:	
Eurodollars_**_http://dbpedia.org/resource/Eurodollar	Building	0.198918856168	GovernmentAgency	0.172722003159	Person	0.12952650375	OfficeHolder	0.12952650375	Country	0.107907479969	Agent	0.0944938031269	PopulatedPlace	0.0930600125904	Place	0.0905019628013	Organisation	0.0864093337524	Bank	0.077650988193		GOLD_STANDARD:	
Dow Jones_**_http://dbpedia.org/resource/Dow_Jones_Industrial_Average	Building	0.561415410633	ArchitecturalStructure	0.303121163968	Person	0.208907160849	OfficeHolder	0.208907160849	GovernmentAgency	0.19463657023	Agent	0.15762639543	Organisation	0.145792372642	Settlement	0.145513147914	Bank	0.144273070709	City	0.134945874768		GOLD_STANDARD:	
Statistics Canada_**_http://dbpedia.org/resource/Statistics_Canada	GovernmentAgency	0.35778858341	University	0.308221404787	EducationalInstitution	0.308221404787	Organisation	0.201563588121	Country	0.200286038218	Agent	0.181593117334	Region	0.174278276049	AdministrativeRegion	0.174278276049	PopulatedPlace	0.152378962066	Place	0.150597909558		GOLD_STANDARD:	Agent	Organisation	GovernmentAgency
Treasury_**_http://dbpedia.org/resource/United_States_Department_of_the_Treasury	GovernmentAgency	0.502579436525	Building	0.293220105473	Person	0.284328367073	OfficeHolder	0.284328367073	Agent	0.282104568231	Organisation	0.28154861852	University	0.214514858144	EducationalInstitution	0.214514858144	ArchitecturalStructure	0.210123122616	Company	0.180256987384		GOLD_STANDARD:	Agent	Organisation	GovernmentAgency
Italian_**_http://dbpedia.org/resource/Italy	Country	0.300620019735	PopulatedPlace	0.218927955813	Place	0.216467859305	Building	0.206650082584	GovernmentAgency	0.195301825789	University	0.173312384714	EducationalInstitution	0.173312384714	ArchitecturalStructure	0.158655591371	Organisation	0.12369751295	Airport	0.110661100157		GOLD_STANDARD:	Place	PopulatedPlace	Country
Switzerland_**_http://dbpedia.org/resource/Switzerland	Country	0.211584111423	GovernmentAgency	0.175805716366	University	0.175591116179	EducationalInstitution	0.175591116179	PopulatedPlace	0.15719444537	Organisation	0.155008099541	Place	0.15475262528	Company	0.147919383843	Bank	0.139643942026	Agent	0.130689260931		GOLD_STANDARD:	Place	PopulatedPlace	Country
Spanish_**_http://dbpedia.org/resource/Spain	Country	0.289516155446	PopulatedPlace	0.207425728195	Place	0.204364316246	University	0.198956923098	EducationalInstitution	0.198956923098	GovernmentAgency	0.195659265988	Building	0.185683964168	ArchitecturalStructure	0.132421135444	Organisation	0.132101814519	Agent	0.115325357049		GOLD_STANDARD:	Place	PopulatedPlace	Country
European_**_http://dbpedia.org/resource/European_Union	Country	0.320687465871	GovernmentAgency	0.28025378082	University	0.269841947016	EducationalInstitution	0.269841947016	Building	0.265125179997	PopulatedPlace	0.238540229595	Place	0.238290568078	ArchitecturalStructure	0.232423522414	Organisation	0.21501058045	Airport	0.199721864831		GOLD_STANDARD:	Place	PopulatedPlace	Country
TORONTO_**_http://dbpedia.org/resource/Toronto	City	0.173082892772	Settlement	0.134500116449	AdministrativeRegion	0.118056395281	Region	0.118056395281	TelevisionStation	0.0439171607379	Broadcaster	0.0439171607379	Airport	0.0226674364678	Infrastructure	0.0226674364678	Person	0.0158342861839	OfficeHolder	0.0158342861839		GOLD_STANDARD:	Place	PopulatedPlace	Settlement	City
Labour Day_**_http://dbpedia.org/resource/Labour_Day	Building	0.258641418736	GovernmentAgency	0.244516898971	Person	0.168093447221	OfficeHolder	0.168093447221	University	0.165254944119	EducationalInstitution	0.165254944119	Agent	0.146759480382	Organisation	0.141836257266	ArchitecturalStructure	0.138769380449	Country	0.138249401649		GOLD_STANDARD:	
Sweden_**_http://dbpedia.org/resource/Sweden	Country	0.240565872585	University	0.184315872112	EducationalInstitution	0.184315872112	PopulatedPlace	0.165281662504	Place	0.16193412477	GovernmentAgency	0.149805192317	Building	0.116940505431	Region	0.0924598701791	AdministrativeRegion	0.0924598701791	Organisation	0.0909527732477		GOLD_STANDARD:	Place	PopulatedPlace	Country
Britain_**_http://dbpedia.org/resource/United_Kingdom	Country	0.299263257591	GovernmentAgency	0.263947225138	University	0.262986149839	EducationalInstitution	0.262986149839	PopulatedPlace	0.218057727228	Place	0.214511249927	Building	0.173845032258	Organisation	0.149922674018	ArchitecturalStructure	0.131169033353	Agent	0.129709197589		GOLD_STANDARD:	Place	PopulatedPlace	Country
UNITED STATES_**_http://dbpedia.org/resource/United_States	City	0.195547421309	Settlement	0.192143245432	GovernmentAgency	0.174026139219	PopulatedPlace	0.143439641452	Place	0.140986267845	Country	0.125358762802	Person	0.115622761837	OfficeHolder	0.115622761837	Building	0.105422611621	ArchitecturalStructure	0.0833319880813		GOLD_STANDARD:	Place	PopulatedPlace	Country
Canada_**_http://dbpedia.org/resource/Canada	GovernmentAgency	0.407691722581	University	0.257181505317	EducationalInstitution	0.257181505317	Country	0.220007821592	Organisation	0.216229823785	Region	0.199512752125	AdministrativeRegion	0.199512752125	Agent	0.197163157706	Airport	0.182083914862	Infrastructure	0.182083914862		GOLD_STANDARD:	Place	PopulatedPlace	Country
Canadian_**_http://dbpedia.org/resource/Canada	GovernmentAgency	0.367484634404	University	0.260674615442	EducationalInstitution	0.260674615442	Country	0.229629465576	Organisation	0.225888817917	Agent	0.214626774951	Region	0.209611968462	AdministrativeRegion	0.209611968462	PopulatedPlace	0.185058321034	Place	0.184158705674		GOLD_STANDARD:	Place	PopulatedPlace	Country
Salomon Brothers_**_http://dbpedia.org/resource/Salomon_Brothers	Bank	0.313601503484	Company	0.223040707022	Building	0.205814077553	ArchitecturalStructure	0.201938833703	Airport	0.198063589854	Infrastructure	0.198063589854	Organisation	0.160399043053	TelevisionStation	0.150324626715	Broadcaster	0.150324626715	Agent	0.144183790893		GOLD_STANDARD:	Agent	Organisation	Company	Bank
Credit Suisse_**_http://dbpedia.org/resource/Credit_Suisse	GovernmentAgency	0.203170145621	University	0.195134239945	EducationalInstitution	0.195134239945	Bank	0.186272609181	Organisation	0.18233629378	Airport	0.168702808681	Infrastructure	0.168702808681	Company	0.166205961437	Agent	0.161853098163	ArchitecturalStructure	0.160145226159		GOLD_STANDARD:	Agent	Organisation	Company	Bank
Pakistan_**_http://dbpedia.org/resource/Pakistan	GovernmentAgency	0.218748182194	Airport	0.176179870584	Infrastructure	0.176179870584	Country	0.162761094181	University	0.149181961817	EducationalInstitution	0.149181961817	ArchitecturalStructure	0.145828235412	Place	0.139214370332	PopulatedPlace	0.138932929264	Organisation	0.122992081544		GOLD_STANDARD:	Place	PopulatedPlace	Country
KARACHI_**_http://dbpedia.org/resource/Karachi	Building	0.104311125801	City	0.0613720827916	Settlement	0.0517299533222	PopulatedPlace	0.0222841833272	Place	0.0222818647778	ArchitecturalStructure	0.0222273788674	Country	0.0183673324863	Bank	-0.037557919022	Airport	-0.0598563680661	Infrastructure	-0.0598563680661		GOLD_STANDARD:	Place	PopulatedPlace	Settlement	City
Australia_**_http://dbpedia.org/resource/Australia	GovernmentAgency	0.273540355524	University	0.265964291055	EducationalInstitution	0.265964291055	Country	0.195369770489	Organisation	0.160286031373	Agent	0.155571844297	Airport	0.151027418625	Infrastructure	0.151027418625	PopulatedPlace	0.150591572396	Place	0.150242719374		GOLD_STANDARD:	Place	PopulatedPlace	Country
National Association of Purchasing Management_**_http://dbpedia.org/resource/Institute_for_Supply_Management	University	0.544878068767	EducationalInstitution	0.544878068767	GovernmentAgency	0.399679769191	Airport	0.366636703756	Infrastructure	0.366636703756	Organisation	0.299543395369	ArchitecturalStructure	0.278794255732	Agent	0.278688978495	Company	0.25181857246	Person	0.195271310998		GOLD_STANDARD:	Agent	Organisation
U.S. Treasury_**_http://dbpedia.org/resource/United_States_Department_of_the_Treasury	GovernmentAgency	0.574014279556	Building	0.431718076175	University	0.363616661915	EducationalInstitution	0.363616661915	Organisation	0.335792163272	Agent	0.33081533781	ArchitecturalStructure	0.31494530947	Person	0.310908035963	OfficeHolder	0.310908035963	Country	0.29781311018		GOLD_STANDARD:	Agent	Organisation	GovernmentAgency
GERMAN_**_http://dbpedia.org/resource/Germany	City	0.0713505446155	TelevisionStation	0.0604017088418	Broadcaster	0.0604017088418	Settlement	0.0497262056375	PopulatedPlace	0.0246923436404	Place	0.0207727399519	Country	0.0182095971597	Person	-0.0357185241888	OfficeHolder	-0.0357185241888	Bank	-0.0379483717544		GOLD_STANDARD:	Place	PopulatedPlace	Country
Jacksonville_**_http://dbpedia.org/resource/Jacksonville,_Florida	Region	0.260610785961	AdministrativeRegion	0.260610785961	Airport	0.21496162755	Infrastructure	0.21496162755	University	0.200175602516	EducationalInstitution	0.200175602516	City	0.119843708013	ArchitecturalStructure	0.117745236009	Settlement	0.104675745016	Person	0.0911386067637		GOLD_STANDARD:	Place	PopulatedPlace	Settlement	City
Reuters_**_http://dbpedia.org/resource/Reuters	TelevisionStation	0.296809746497	Broadcaster	0.296809746497	Airport	0.151846356642	Infrastructure	0.151846356642	Organisation	0.129806308783	University	0.12825748683	EducationalInstitution	0.12825748683	Agent	0.123659526107	Company	0.120314843466	Bank	0.113798434302		GOLD_STANDARD:	Agent	Organisation	Company
Tokyo_**_http://dbpedia.org/resource/Tokyo	Building	0.320354836104	ArchitecturalStructure	0.317550049251	Airport	0.314745262397	Infrastructure	0.314745262397	GovernmentAgency	0.255558188798	Country	0.216920729659	Place	0.199831232383	PopulatedPlace	0.194821921027	Organisation	0.16674621274	University	0.165478217983		GOLD_STANDARD:	Place	PopulatedPlace	Settlement	City
CHICAGO_**_http://dbpedia.org/resource/Chicago	City	0.175221609955	Settlement	0.156367308523	TelevisionStation	0.129326033091	Broadcaster	0.129326033091	Region	0.0767811314593	AdministrativeRegion	0.0767811314593	Person	0.0563185740749	OfficeHolder	0.0563185740749	PopulatedPlace	0.0409193421632	Place	0.0393344255917		GOLD_STANDARD:	Place	PopulatedPlace	Settlement	City
Alan Greenspan_**_http://dbpedia.org/resource/Alan_Greenspan	Person	0.428335805222	OfficeHolder	0.428335805222	Building	0.375155319936	GovernmentAgency	0.243965302952	ArchitecturalStructure	0.209959614789	Agent	0.209900742169	TelevisionStation	0.186852409077	Broadcaster	0.186852409077	Organisation	0.176295347854	University	0.149035377415		GOLD_STANDARD:	Agent	Person	OfficeHolder
JAPAN_**_http://dbpedia.org/resource/Japan	City	0.14155672654	Settlement	0.13878358589	Country	0.13831591921	PopulatedPlace	0.1318415316	Place	0.129203872001	GovernmentAgency	0.120701886975	Airport	0.0780097491131	Infrastructure	0.0780097491131	ArchitecturalStructure	0.0672188714429	Building	0.0564279937726		GOLD_STANDARD:	Place	PopulatedPlace	Country
Lindsey_**_http://dbpedia.org/resource/Lawrence_B._Lindsey	Person	0.634958641272	OfficeHolder	0.634958641272	TelevisionStation	0.33355318322	Broadcaster	0.33355318322	Agent	0.249523626011	GovernmentAgency	0.225136974727	University	0.197277947043	EducationalInstitution	0.197277947043	Region	0.196444843393	AdministrativeRegion	0.196444843393		GOLD_STANDARD:	Agent	Person	OfficeHolder
FTSE 100_**_http://dbpedia.org/resource/FTSE_100_Index	Building	0.362328944261	ArchitecturalStructure	0.234874558157	University	0.143370742397	EducationalInstitution	0.143370742397	GovernmentAgency	0.139701641338	Country	0.133338548543	Place	0.125336816686	PopulatedPlace	0.120772744125	Settlement	0.107465168276	Airport	0.107420172054		GOLD_STANDARD:	
Amsterdam_**_http://dbpedia.org/resource/Amsterdam	Building	0.208837665983	ArchitecturalStructure	0.192037749758	Airport	0.175237833533	Infrastructure	0.175237833533	Country	0.173868371611	Place	0.162602896302	PopulatedPlace	0.161350349347	Settlement	0.14788772845	University	0.126057989931	EducationalInstitution	0.126057989931		GOLD_STANDARD:	Place	PopulatedPlace	Settlement	City
GERMANY_**_http://dbpedia.org/resource/Germany	Building	0.220930437628	Country	0.185447019336	Settlement	0.18331359596	PopulatedPlace	0.177827676314	City	0.176438561737	Place	0.174421290587	ArchitecturalStructure	0.0943712259975	GovernmentAgency	0.0403588219542	Bank	0.0253929582171	Person	0.00852821996247		GOLD_STANDARD:	Place	PopulatedPlace	Country
WASHINGTON_**_http://dbpedia.org/resource/Washington,_D.C.	University	0.315209255693	EducationalInstitution	0.315209255693	City	0.188623492467	Person	0.187816757471	OfficeHolder	0.187816757471	AdministrativeRegion	0.175193005347	Region	0.175193005347	Settlement	0.173226120139	GovernmentAgency	0.171119373264	Airport	0.166836764497		GOLD_STANDARD:	Place	PopulatedPlace	Settlement
Commerce Department_**_http://dbpedia.org/resource/United_States_Department_of_Commerce	GovernmentAgency	0.43130601438	University	0.400582381719	EducationalInstitution	0.400582381719	Organisation	0.28283009499	Agent	0.269362176346	Airport	0.228398737292	Infrastructure	0.228398737292	Person	0.215490501771	OfficeHolder	0.215490501771	ArchitecturalStructure	0.200954426239		GOLD_STANDARD:	Agent	Organisation	GovernmentAgency
Paris_**_http://dbpedia.org/resource/Paris	Building	0.287431845651	ArchitecturalStructure	0.255992211973	Country	0.24272376793	Airport	0.224552578295	Infrastructure	0.224552578295	Place	0.203327187051	PopulatedPlace	0.201086122161	GovernmentAgency	0.186632947869	University	0.169372127842	EducationalInstitution	0.169372127842		GOLD_STANDARD:	Place	PopulatedPlace	Settlement
U.S. Treasuries_**_http://dbpedia.org/resource/United_States_Treasury_security	Building	0.53935858623	GovernmentAgency	0.531399941298	ArchitecturalStructure	0.358632687126	Country	0.322129265079	Organisation	0.312479029976	Agent	0.30315809789	University	0.28743095112	EducationalInstitution	0.28743095112	Place	0.26784004193	PopulatedPlace	0.264057015047		GOLD_STANDARD:	
University of Michigan_**_http://dbpedia.org/resource/University_of_Michigan	GovernmentAgency	0.321733826641	AdministrativeRegion	0.272915685373	Region	0.272915685373	Organisation	0.237980590083	Agent	0.22815201956	Infrastructure	0.209833735269	Airport	0.209833735269	ArchitecturalStructure	0.198842913155	OfficeHolder	0.188837737466	Person	0.188837737466		GOLD_STANDARD:	
Philadelphia_**_http://dbpedia.org/resource/Philadelphia	University	0.352581484183	EducationalInstitution	0.352581484183	Person	0.240547640044	OfficeHolder	0.240547640044	AdministrativeRegion	0.220304246988	Region	0.220304246988	Building	0.202374059537	Agent	0.200111152084	ArchitecturalStructure	0.196935372645	GovernmentAgency	0.193309352085		GOLD_STANDARD:	Place	PopulatedPlace	Settlement	City
Piper Jaffray_**_http://dbpedia.org/resource/Piper_Jaffray	Bank	0.190146514692	AdministrativeRegion	0.157171666375	Region	0.157171666375	Company	0.109169757926	TelevisionStation	0.0948879790373	Broadcaster	0.0948879790373	Person	0.0803700653065	OfficeHolder	0.0803700653065	City	0.0648319913671	Building	0.0573421071125		GOLD_STANDARD:	Agent	Organisation	Company	Bank
Lawrence Lindsey_**_http://dbpedia.org/resource/Lawrence_B._Lindsey	Person	0.633700017046	OfficeHolder	0.633700017046	TelevisionStation	0.355909117759	Broadcaster	0.355909117759	Agent	0.24507146883	University	0.220199887941	EducationalInstitution	0.220199887941	Region	0.216521573159	AdministrativeRegion	0.216521573159	GovernmentAgency	0.215226326566		GOLD_STANDARD:	Agent	Person	OfficeHolder
Dutch_**_http://dbpedia.org/resource/Netherlands	Country	0.25821174002	PopulatedPlace	0.201092909579	Place	0.200287756581	Building	0.195690133494	ArchitecturalStructure	0.181366661112	GovernmentAgency	0.180775183164	University	0.178307182536	EducationalInstitution	0.178307182536	Airport	0.167043188729	Infrastructure	0.167043188729		GOLD_STANDARD:	Place	PopulatedPlace	Country
Spain_**_http://dbpedia.org/resource/Spain	Country	0.300951844028	GovernmentAgency	0.246789461597	PopulatedPlace	0.211258808434	Place	0.207605890531	University	0.175157267603	EducationalInstitution	0.175157267603	Building	0.168362529497	Organisation	0.142538488174	Agent	0.125421304292	ArchitecturalStructure	0.121762319818		GOLD_STANDARD:	Place	PopulatedPlace	Country
Kansai International Airport_**_http://dbpedia.org/resource/Kansai_International_Airport	University	0.209833735269	EducationalInstitution	0.209833735269	GovernmentAgency	0.17232571301	Organisation	0.168557607761	Company	0.159081746409	Settlement	0.150021351052	Agent	0.142854627895	City	0.133734744769	Bank	0.11608057514	PopulatedPlace	0.11088721862		GOLD_STANDARD:	
German_**_http://dbpedia.org/resource/Germany	Country	0.34767851012	Building	0.31165589991	University	0.272290681161	EducationalInstitution	0.272290681161	PopulatedPlace	0.259922251185	Place	0.257805584563	GovernmentAgency	0.240687855785	ArchitecturalStructure	0.208063918941	Organisation	0.186828524406	Agent	0.163905862674		GOLD_STANDARD:	Place	PopulatedPlace	Country
French_**_http://dbpedia.org/resource/France	Country	0.336178094894	Building	0.267293351953	PopulatedPlace	0.248968552675	Place	0.246392997033	GovernmentAgency	0.211487452126	University	0.196198928623	EducationalInstitution	0.196198928623	ArchitecturalStructure	0.185867439441	Organisation	0.153048734729	Agent	0.124002032396		GOLD_STANDARD:	Place	PopulatedPlace	Country
Japan_**_http://dbpedia.org/resource/Japan	GovernmentAgency	0.348396318981	Airport	0.306805752447	Infrastructure	0.306805752447	Country	0.269549011593	ArchitecturalStructure	0.256446467814	University	0.223599055267	EducationalInstitution	0.223599055267	Place	0.211607760166	Organisation	0.210750008304	PopulatedPlace	0.209699730054		GOLD_STANDARD:	Place	PopulatedPlace	Country
NEW YORK_**_http://dbpedia.org/resource/New_York_City	Building	0.246708912627	City	0.193773714053	Settlement	0.191439440859	ArchitecturalStructure	0.165751735906	Place	0.107098408769	Person	0.106449715461	OfficeHolder	0.106449715461	TelevisionStation	0.106077408786	Broadcaster	0.106077408786	PopulatedPlace	0.104602522508		GOLD_STANDARD:	Place	PopulatedPlace	Settlement	City
ITALIAN_**_http://dbpedia.org/resource/Italy	City	0.0818244209574	Settlement	0.0585390736401	PopulatedPlace	0.0271060533391	Place	0.0220268172063	Country	0.0211142594555	TelevisionStation	0.0140819227005	Broadcaster	0.0140819227005	Person	0.00672345688089	OfficeHolder	0.00672345688089	Bank	-0.0481360209555		GOLD_STANDARD:	Place	PopulatedPlace	Country
Fed_**_http://dbpedia.org/resource/Federal_Reserve_System	Person	0.458310180983	OfficeHolder	0.458310180983	Building	0.372676597478	GovernmentAgency	0.310289578451	Agent	0.277638848832	Organisation	0.235945464489	University	0.229540452127	EducationalInstitution	0.229540452127	ArchitecturalStructure	0.192872741519	Company	0.144897973662		GOLD_STANDARD:	
Bundesbank_**_http://dbpedia.org/resource/Deutsche_Bundesbank	Building	0.294950310086	GovernmentAgency	0.272175593197	Country	0.241265772552	Person	0.218816237373	OfficeHolder	0.218816237373	PopulatedPlace	0.17848564815	Place	0.178064909586	ArchitecturalStructure	0.167967184062	Agent	0.16139490693	Organisation	0.147039574319		GOLD_STANDARD:	Agent	Organisation
Eurodollar_**_http://dbpedia.org/resource/Eurodollar	GovernmentAgency	0.230733680117	Building	0.215921132793	Person	0.156281036245	OfficeHolder	0.156281036245	Agent	0.144186889129	Organisation	0.141395932103	Company	0.110709971552	Bank	0.11023872885	Country	0.104892500741	ArchitecturalStructure	0.0960641237495		GOLD_STANDARD:	
Wall Street_**_http://dbpedia.org/resource/New_York_Stock_Exchange	GovernmentAgency	0.244612040842	OfficeHolder	0.226142857534	Person	0.226142857534	Agent	0.19579661431	Organisation	0.188793635104	EducationalInstitution	0.187852091041	University	0.187852091041	Country	0.170524378021	Settlement	0.167195918605	PopulatedPlace	0.167052229144		GOLD_STANDARD:	
London_**_http://dbpedia.org/resource/London	Building	0.344131853567	ArchitecturalStructure	0.294329154335	Airport	0.244526455103	Infrastructure	0.244526455103	Country	0.183670121463	University	0.179690288698	EducationalInstitution	0.179690288698	Place	0.176288867745	PopulatedPlace	0.171265876826	GovernmentAgency	0.170456689486		GOLD_STANDARD:	Place	PopulatedPlace	Settlement
Karachi_**_http://dbpedia.org/resource/Karachi	Airport	0.158608768574	Infrastructure	0.158608768574	ArchitecturalStructure	0.119796750528	Settlement	0.107061101973	City	0.10445617538	Building	0.0809847324815	Place	0.0770710050822	PopulatedPlace	0.0752528882548	Country	0.0612502906594	University	0.045773809914		GOLD_STANDARD:	Place	PopulatedPlace	Settlement	City
Norwegian_**_http://dbpedia.org/resource/Norway	Country	0.196609412142	Building	0.147850722404	PopulatedPlace	0.141662930259	Place	0.140216071831	ArchitecturalStructure	0.106214898771	University	0.100454987748	EducationalInstitution	0.100454987748	GovernmentAgency	0.0998708044758	Organisation	0.0651380673336	Airport	0.0645790751371		GOLD_STANDARD:	Place	PopulatedPlace	Country
Federal Reserve_**_http://dbpedia.org/resource/Federal_Reserve_System	GovernmentAgency	0.450939899743	Person	0.411854196114	OfficeHolder	0.411854196114	Building	0.371949365875	Agent	0.319390202615	University	0.315209939907	EducationalInstitution	0.315209939907	Organisation	0.298052357961	ArchitecturalStructure	0.268383854809	Country	0.18233259565		GOLD_STANDARD:	
BRITAIN_**_http://dbpedia.org/resource/United_Kingdom	Building	0.20210435871	Settlement	0.163646341162	Country	0.162682693237	PopulatedPlace	0.15634500788	Place	0.152115858367	City	0.149407076908	GovernmentAgency	0.0734090762585	Person	0.0599309412492	OfficeHolder	0.0599309412492	ArchitecturalStructure	0.0527308448228		GOLD_STANDARD:	Place	PopulatedPlace	Country
Montana_**_http://dbpedia.org/resource/Montana	University	0.272915685373	EducationalInstitution	0.272915685373	OfficeHolder	0.169724695283	Person	0.169724695283	GovernmentAgency	0.138349139528	Agent	0.1241401295	Organisation	0.113620614319	Company	0.0853284293253	City	0.0690660955683	Infrastructure	0.0682521880843		GOLD_STANDARD:	
FRANCE_**_http://dbpedia.org/resource/France	Country	0.204614114316	Building	0.189780045843	PopulatedPlace	0.186051402357	Place	0.182023813707	Settlement	0.174568010763	City	0.157891439005	ArchitecturalStructure	0.0873754804332	GovernmentAgency	0.0825808804741	Organisation	0.0167525405678	Agent	0.0132048724991		GOLD_STANDARD:	Place	PopulatedPlace	Country
France_**_http://dbpedia.org/resource/France	Country	0.308906079986	PopulatedPlace	0.223121127713	Place	0.219755540187	University	0.199414152932	EducationalInstitution	0.199414152932	GovernmentAgency	0.194528933116	Building	0.145132886122	ArchitecturalStructure	0.140664233315	Airport	0.136195580507	Infrastructure	0.136195580507		GOLD_STANDARD:	Place	PopulatedPlace	Country
Japanese_**_http://dbpedia.org/resource/Japan	GovernmentAgency	0.302147848834	Country	0.273309115163	Building	0.266484010442	ArchitecturalStructure	0.256632884975	Airport	0.246781759508	Infrastructure	0.246781759508	University	0.218246752069	EducationalInstitution	0.218246752069	Place	0.211610789291	PopulatedPlace	0.209694955432		GOLD_STANDARD:	Place	PopulatedPlace	Country
Midwest_**_http://dbpedia.org/resource/Midwestern_United_States	Region	0.357436783579	AdministrativeRegion	0.357436783579	University	0.261755580373	EducationalInstitution	0.261755580373	Building	0.211342913898	Person	0.193861849206	OfficeHolder	0.193861849206	GovernmentAgency	0.187096518208	Agent	0.152155700744	Organisation	0.142531204946		GOLD_STANDARD:	Place	PopulatedPlace
Germany_**_http://dbpedia.org/resource/Germany	Country	0.322735877208	PopulatedPlace	0.230972683203	Place	0.227614832029	University	0.224125886838	EducationalInstitution	0.224125886838	GovernmentAgency	0.221629724667	Building	0.211918945705	Organisation	0.14930497922	ArchitecturalStructure	0.148705329439	Agent	0.130182391023		GOLD_STANDARD:	Place	PopulatedPlace	Country
Chicago_**_http://dbpedia.org/resource/Chicago	University	0.337274992423	EducationalInstitution	0.337274992423	Building	0.282491215511	AdministrativeRegion	0.252733469354	Region	0.252733469354	Person	0.248666044886	OfficeHolder	0.248666044886	ArchitecturalStructure	0.243806831926	Company	0.24338742289	GovernmentAgency	0.240796360095		GOLD_STANDARD:	Place	PopulatedPlace	Settlement	City
Swiss_**_http://dbpedia.org/resource/Switzerland	Country	0.254544021731	GovernmentAgency	0.214036252278	Building	0.205771258446	PopulatedPlace	0.191452728506	Place	0.189997136797	Organisation	0.17443804801	University	0.157663970062	EducationalInstitution	0.157663970062	ArchitecturalStructure	0.155790731637	Agent	0.151019430355		GOLD_STANDARD:	Place	PopulatedPlace	Country
GMT_**_http://dbpedia.org/resource/Greenwich_Mean_Time	Building	0.213175463159	ArchitecturalStructure	0.1663310409	GovernmentAgency	0.145336614533	Airport	0.119486618641	Infrastructure	0.119486618641	Country	0.119366022511	Settlement	0.117100489869	Place	0.115898475544	PopulatedPlace	0.113797118654	City	0.0980199626666		GOLD_STANDARD:	
