Finnish	http://dbpedia.org/resource/Finland
NCB	NIL
HELSINKI	http://dbpedia.org/resource/Helsinki
Finland	http://dbpedia.org/resource/Finland
National Customs Board	NIL
NCB	NIL
NCB	NIL
Bank of Finland	http://dbpedia.org/resource/Bank_of_Finland
NCB	NIL
Finland	http://dbpedia.org/resource/Finland
European Union	http://dbpedia.org/resource/European_Union
Helsinki Newsroom	NIL
Dutch	http://dbpedia.org/resource/Netherlands
AMSTERDAM	http://dbpedia.org/resource/Amsterdam
Finance Ministry	NIL
Dutch	http://dbpedia.org/resource/Netherlands
GMT	http://dbpedia.org/resource/Greenwich_Mean_Time
GMT	http://dbpedia.org/resource/Greenwich_Mean_Time
Amsterdam	http://dbpedia.org/resource/Amsterdam
CBI	http://dbpedia.org/resource/Confederation_of_British_Industry
LONDON	http://dbpedia.org/resource/London
UK	NIL
Confederation of British Industry	http://dbpedia.org/resource/Confederation_of_British_Industry
CBI	http://dbpedia.org/resource/Confederation_of_British_Industry
CBI	http://dbpedia.org/resource/Confederation_of_British_Industry
UK	NIL
Rosemary Bennett	NIL
London Newsroom	NIL
Britain	http://dbpedia.org/resource/United_Kingdom
Caribbean	http://dbpedia.org/resource/Caribbean
LONDON	http://dbpedia.org/resource/London
Britain	http://dbpedia.org/resource/United_Kingdom
Caribbean	http://dbpedia.org/resource/Caribbean
Montserrat	http://dbpedia.org/resource/Montserrat
Plymouth	http://dbpedia.org/resource/Plymouth,_Montserrat
Britain	http://dbpedia.org/resource/United_Kingdom
Overseas Development Administration	http://dbpedia.org/resource/Department_for_International_Development
Britain	http://dbpedia.org/resource/United_Kingdom
Montserrat	http://dbpedia.org/resource/Montserrat
Lynda Chalker	http://dbpedia.org/resource/Lynda_Chalker,_Baroness_Chalker_of_Wallasey
Montserratians	NIL
Hungary	http://dbpedia.org/resource/Hungary
BUDAPEST	http://dbpedia.org/resource/Budapest
NBH	NIL
MIT	NIL
NBH	NIL
Duff & Phelps	http://dbpedia.org/resource/Duff_&_Phelps
IBCA	NIL
Thomson BankWatch	NIL
S&P	http://dbpedia.org/resource/Standard_&_Poor's
Moody's Investors Service	NIL
Japan Credit Rating Agency	NIL
NBH	NIL
MIT	NIL
Budapest	http://dbpedia.org/resource/Budapest
Fairview	http://dbpedia.org/resource/Fairview,_Texas
Texas	http://dbpedia.org/resource/Texas
Moody's	NIL
NEW YORK	http://dbpedia.org/resource/New_York_City
Moody's Investors Service	NIL
Fairview Town	NIL
TX	NIL
U.S. Municipal Desk	NIL
UN	NIL
Iraqi	http://dbpedia.org/resource/Iraq
UNITED NATIONS	http://dbpedia.org/resource/United_Nations
U.N.	http://dbpedia.org/resource/United_Nations
Iraqi	http://dbpedia.org/resource/Iraq
Yasushi Akashi	http://dbpedia.org/resource/Yasushi_Akashi
Security Council	http://dbpedia.org/resource/United_Nations_Security_Council
Akashi	http://dbpedia.org/resource/Yasushi_Akashi
Department of Humanitarian affairs	NIL
India	http://dbpedia.org/resource/India
RBI	http://dbpedia.org/resource/Reserve_Bank_of_India
BOMBAY	http://dbpedia.org/resource/Mumbai
Reserve Bank of India	http://dbpedia.org/resource/Reserve_Bank_of_India
Chakravarty Rangarajan	NIL
Rangarajan	http://dbpedia.org/resource/C._Rangarajan
New Delhi	http://dbpedia.org/resource/New_Delhi
Rangarajan	http://dbpedia.org/resource/C._Rangarajan
Bombay	http://dbpedia.org/resource/Mumbai
RTRS	NIL
Australia	http://dbpedia.org/resource/Australia
RBA	NIL
CANBERRA	http://dbpedia.org/resource/Canberra
Australian	http://dbpedia.org/resource/Australia
Reserve Bank of Australia	http://dbpedia.org/resource/Reserve_Bank_of_Australia
RBA	NIL
RBA	NIL
Australian	http://dbpedia.org/resource/Australia
Coalition	http://dbpedia.org/resource/Coalition_(Australia)
A$	NIL
A$	NIL
Sydney Newsroom	NIL
RBA	NIL
Russia	http://dbpedia.org/resource/Russia
MOSCOW	http://dbpedia.org/resource/Moscow
Russian	http://dbpedia.org/resource/Russia
Russia	http://dbpedia.org/resource/Russia
Marina Volkova	NIL
State Customs Committee	NIL
Reuters	http://dbpedia.org/resource/Reuters
Volkova	NIL
Russian	http://dbpedia.org/resource/Russia
Russian	http://dbpedia.org/resource/Russia
Russian	http://dbpedia.org/resource/Russia
Volkova	NIL
Russian	http://dbpedia.org/resource/Russia
Boris Yeltsin	http://dbpedia.org/resource/Boris_Yeltsin
Volkova	NIL
Russian	http://dbpedia.org/resource/Russia
Volkova	NIL
Volkova	NIL
Soviet Union	http://dbpedia.org/resource/Soviet_Union
Yeltsin	http://dbpedia.org/resource/Boris_Yeltsin
Russian	http://dbpedia.org/resource/Russia
Russian	http://dbpedia.org/resource/Russia
Volkova	NIL
Russian	http://dbpedia.org/resource/Russia
Russian	http://dbpedia.org/resource/Russia
Dmitry Solovyov	NIL
Moscow Newsroom	NIL
Colombia	http://dbpedia.org/resource/Colombia
U.S.	http://dbpedia.org/resource/United_States
MIAMI	http://dbpedia.org/resource/Miami
U.S.	http://dbpedia.org/resource/United_States
Colombian	http://dbpedia.org/resource/Colombia
AMR Corp	http://dbpedia.org/resource/AMR_Corporation
American Airlines	http://dbpedia.org/resource/American_Airlines
New York	http://dbpedia.org/resource/New_York_City
Bogota	http://dbpedia.org/resource/Bogotá
Department of Transportation	http://dbpedia.org/resource/New_York_City_Department_of_Transportation
Miami	http://dbpedia.org/resource/Miami
AMR	http://dbpedia.org/resource/AMR_Corporation
Miami	http://dbpedia.org/resource/Miami
Colombia	http://dbpedia.org/resource/Colombia
New York	http://dbpedia.org/resource/New_York_City
United States	http://dbpedia.org/resource/United_States
Colombia	http://dbpedia.org/resource/Colombia
New York	http://dbpedia.org/resource/New_York_City
Federal Aviation Administration	http://dbpedia.org/resource/Federal_Aviation_Administration
International Aviation Safety program	NIL
Colombia	http://dbpedia.org/resource/Colombia
Colombia	http://dbpedia.org/resource/Colombia
American	http://dbpedia.org/resource/United_States
New York	http://dbpedia.org/resource/New_York_City
Bogota	http://dbpedia.org/resource/Bogotá
United States	http://dbpedia.org/resource/United_States
Colombians	http://dbpedia.org/resource/Colombia
Colombian	http://dbpedia.org/resource/Colombia
Avianca	http://dbpedia.org/resource/Avianca
ACES	http://dbpedia.org/resource/ACES_Colombia
Hungary	http://dbpedia.org/resource/Hungary
BUDAPEST	http://dbpedia.org/resource/Budapest
Hungary	http://dbpedia.org/resource/Hungary
National Bank of Hungary	http://dbpedia.org/resource/Hungarian_National_Bank
NBH	NIL
NBH	NIL
Budapest	http://dbpedia.org/resource/Budapest
Wis	NIL
CHICAGO	http://dbpedia.org/resource/Chicago
Wisconsin	http://dbpedia.org/resource/Wisconsin
Tommy Thompson	http://dbpedia.org/resource/Tommy_Thompson
Wisconsin	http://dbpedia.org/resource/Wisconsin
U.S. Department of Health and Human Services	NIL
Bill Clinton	http://dbpedia.org/resource/Bill_Clinton
Wisconsin	http://dbpedia.org/resource/Wisconsin
Thompson	http://dbpedia.org/resource/Tommy_Thompson
W-2	NIL
Wisconsin	http://dbpedia.org/resource/Wisconsin
Karen Pierog	NIL
RTRS	NIL
Australia Senate	NIL
Howard	http://dbpedia.org/resource/John_Howard
CANBERRA	http://dbpedia.org/resource/Canberra
Australian	http://dbpedia.org/resource/Australia
John Howard	http://dbpedia.org/resource/John_Howard
Senate	NIL
Howard	http://dbpedia.org/resource/John_Howard
Liberal Party	http://dbpedia.org/resource/Liberal_Party_of_Australia
Senate	NIL
A$	NIL
Telstra	http://dbpedia.org/resource/Telstra
Senate	NIL
Greens	http://dbpedia.org/resource/Australian_Greens
Australian Democrats	http://dbpedia.org/resource/Australian_Democrats
Labor Party	http://dbpedia.org/resource/Australian_Labor_Party
Sydney Newsroom	NIL
RTRS	NIL
Toyota Australia	http://dbpedia.org/resource/Toyota_Australia
MELBOURNE	http://dbpedia.org/resource/Melbourne
Toyota Australia	http://dbpedia.org/resource/Toyota_Australia
Melbourne	http://dbpedia.org/resource/Melbourne
Zimbabwe	http://dbpedia.org/resource/Zimbabwe
Emelia Sithole	NIL
HARARE	http://dbpedia.org/resource/Harare
Zimbabwean	http://dbpedia.org/resource/Zimbabwe
Public Service Commission	http://dbpedia.org/resource/Public_utilities_commission
PSC	NIL
Public Service Association	NIL
PSA	NIL
Public Service, Labour and Social Welfare	NIL
Florence	NIL
Red Cross	http://dbpedia.org/resource/International_Committee_of_the_Red_Cross
Victoria Falls	http://dbpedia.org/resource/Victoria_Falls,_Zimbabwe
PSA	NIL
Robert Mugabe	http://dbpedia.org/resource/Robert_Mugabe
Britain	http://dbpedia.org/resource/United_Kingdom
Z$	NIL
America	http://dbpedia.org/resource/United_States
Anne Murray	NIL
NEW YORK	http://dbpedia.org/resource/New_York_City
America	http://dbpedia.org/resource/United_States
Towers Perrin	http://dbpedia.org/resource/Towers_Perrin
Sandra O'Neal	NIL
Towers Perrin	http://dbpedia.org/resource/Towers_Perrin
O'Neal	NIL
O'Neal	NIL
World War II	http://dbpedia.org/resource/World_War_II
O'Neal	NIL
O'Neal	NIL
O'Neal	NIL
O'Neal	NIL
O'Neal	NIL
French	http://dbpedia.org/resource/France
Juppe	NIL
BREGANCON	NIL
France	http://dbpedia.org/resource/France
Alain Juppe	http://dbpedia.org/resource/Alain_Juppé
Jacques Chirac	http://dbpedia.org/resource/Jacques_Chirac
Riviera	http://dbpedia.org/resource/French_Riviera
Paris	http://dbpedia.org/resource/Paris
Yugo Zastava	NIL
BELGRADE	http://dbpedia.org/resource/Belgrade
Serbia	http://dbpedia.org/resource/Serbia
Zastava	http://dbpedia.org/resource/Zastava_Arms
Dragutin Stanojlovic	NIL
Yugoslav	http://dbpedia.org/resource/Yugoslavia
Zastava	http://dbpedia.org/resource/Zastava_Arms
Yugoslavia	http://dbpedia.org/resource/Yugoslavia
Serbia	http://dbpedia.org/resource/Serbia
Montenegro	http://dbpedia.org/resource/Montenegro
Kragujevac	http://dbpedia.org/resource/Kragujevac
Stanojlovic	NIL
Socialist Party	http://dbpedia.org/resource/Socialist_Party_of_Serbia
Serbia	http://dbpedia.org/resource/Serbia
Socialist Party	http://dbpedia.org/resource/Socialist_Party_of_Serbia
Reuters	http://dbpedia.org/resource/Reuters
Yugoslav	http://dbpedia.org/resource/Yugoslavia
Gordana Kukic	NIL
Belgrade Newsroom	NIL
SVCD Bulgaria	NIL
SOFIA	http://dbpedia.org/resource/Sofia
Bulgarian	http://dbpedia.org/resource/Bulgaria
Bulgarian	http://dbpedia.org/resource/Bulgaria
Bulatka	NIL
Stefan Raichev	NIL
Bulgaria	http://dbpedia.org/resource/Bulgaria
Europe	http://dbpedia.org/resource/Europe
Middle	http://dbpedia.org/resource/Middle_East
Far East	NIL
Raichev	NIL
Valentin Valkov	NIL
Valkov	NIL
Balkan Airlines	http://dbpedia.org/resource/Balkan_Bulgarian_Airlines
Bulgarian	http://dbpedia.org/resource/Bulgaria
Black Sea	http://dbpedia.org/resource/Black_Sea
Raichev	NIL
Balkan	NIL
Raichev	NIL
Raichev	NIL
English	http://dbpedia.org/resource/English_language
Liliana Semerdjieva	NIL
Sofia Newsroom	NIL
Interacciones	NIL
Mexico	http://dbpedia.org/resource/Mexico
MEXICO CITY	http://dbpedia.org/resource/Mexico_City
Interacciones	NIL
Alonso Cervera	NIL
Interacciones	NIL
Henry Tricks	NIL
Mexico City	http://dbpedia.org/resource/Mexico_City
Marion County Board of Education	NIL
W. Va	NIL
NYC Time	NIL
Marion County Board of Education	NIL
WesBanco Bank	NIL
Fairmont	http://dbpedia.org/resource/Fairmont,_West_Virginia
Fairmont	http://dbpedia.org/resource/Fairmont,_West_Virginia
Steptoe & Johnson	http://dbpedia.org/resource/Steptoe_&_Johnson
Clarksburg	http://dbpedia.org/resource/Clarksburg,_West_Virginia
Ferris, Baker Watts, Inc.	NIL
Charleston	http://dbpedia.org/resource/Charleston,_West_Virginia
J.J. KENNY	NIL
Ohio	http://dbpedia.org/resource/Ohio
STATE OF OHIO	http://dbpedia.org/resource/Ohio
OHIO BUILDING AUTHORITY	NIL
MOODY 'S	NIL
S&P	http://dbpedia.org/resource/Standard_&_Poor's
MOODY 'S	NIL
S&P	http://dbpedia.org/resource/Standard_&_Poor's
Goldman, Sachs & Co	http://dbpedia.org/resource/Goldman_Sachs
A.G. Edwards & Sons, Inc	NIL
Banc One Capital Corporation S.B.K- Brooks Investment Corp	NIL
Seasongood & Mayer	NIL
U.S. Municipal Desk	NIL
Slovenia	http://dbpedia.org/resource/Slovenia
Poland	http://dbpedia.org/resource/Poland
EU	NIL
NATO	http://dbpedia.org/resource/NATO
LJUBLJANA	http://dbpedia.org/resource/Ljubljana
Slovenia	http://dbpedia.org/resource/Slovenia
Poland	http://dbpedia.org/resource/Poland
European Union	http://dbpedia.org/resource/European_Union
NATO	http://dbpedia.org/resource/NATO
Polish	http://dbpedia.org/resource/Poland
Aleksander Kwasniewski	http://dbpedia.org/resource/Aleksander_Kwaśniewski
Slovenian	http://dbpedia.org/resource/Slovenia
Milan Kucan	http://dbpedia.org/resource/Milan_Kučan
Slovenia	http://dbpedia.org/resource/Slovenia
Kwasniewski	http://dbpedia.org/resource/Aleksander_Kwaśniewski
West	NIL
European Union	http://dbpedia.org/resource/European_Union
NATO	http://dbpedia.org/resource/NATO
Kwasniewski	http://dbpedia.org/resource/Aleksander_Kwaśniewski
Kucan	NIL
Poland	http://dbpedia.org/resource/Poland
Slovenia	http://dbpedia.org/resource/Slovenia
European Union	http://dbpedia.org/resource/European_Union
NATO	http://dbpedia.org/resource/NATO
European Union	http://dbpedia.org/resource/European_Union
Central European Free Trade Area	NIL
Hungary	http://dbpedia.org/resource/Hungary
Slovakia	http://dbpedia.org/resource/Slovakia
Czech Republic	http://dbpedia.org/resource/Czech_Republic
Slovenia	http://dbpedia.org/resource/Slovenia
Poland	http://dbpedia.org/resource/Poland
Slovenia	http://dbpedia.org/resource/Slovenia
Kwasniewski	http://dbpedia.org/resource/Aleksander_Kwaśniewski
Janez Drnovsek	http://dbpedia.org/resource/Janez_Drnovšek
Slovenian	http://dbpedia.org/resource/Slovenia
Chamber of Economy	NIL
Venezuela	http://dbpedia.org/resource/Venezuela
CVG	http://dbpedia.org/resource/Corporación_Venezolana_de_Guayana
CARACAS	http://dbpedia.org/resource/Caracas
Venezuela	http://dbpedia.org/resource/Venezuela
Corporacion Venezolana de Guayana	http://dbpedia.org/resource/Corporación_Venezolana_de_Guayana
CVG	http://dbpedia.org/resource/Corporación_Venezolana_de_Guayana
CVG	http://dbpedia.org/resource/Corporación_Venezolana_de_Guayana
Ramon Machuca	NIL
Sidor	http://dbpedia.org/resource/SIDOR
Radical Cause	http://dbpedia.org/resource/Radical_Cause
Sidor	http://dbpedia.org/resource/SIDOR
CVG	http://dbpedia.org/resource/Corporación_Venezolana_de_Guayana
CVG	http://dbpedia.org/resource/Corporación_Venezolana_de_Guayana
Venalum	NIL
Alucasa	NIL
CVG	http://dbpedia.org/resource/Corporación_Venezolana_de_Guayana
CVG	http://dbpedia.org/resource/Corporación_Venezolana_de_Guayana
Radical Cause	http://dbpedia.org/resource/Radical_Cause
CVG	http://dbpedia.org/resource/Corporación_Venezolana_de_Guayana
Omar Lugo	NIL
Caracas	http://dbpedia.org/resource/Caracas
Bosnian	http://dbpedia.org/resource/Bosnia
Turkey	NIL
ANKARA	http://dbpedia.org/resource/Ankara
Bosnian	http://dbpedia.org/resource/Bosnia
Hasan Muratovic	http://dbpedia.org/resource/Hasan_Muratović
Ankara	http://dbpedia.org/resource/Ankara
Turkey	NIL
Yugoslav	http://dbpedia.org/resource/Yugoslavia
Turkish	NIL
Necmettin Erbakan	http://dbpedia.org/resource/Necmettin_Erbakan
Bosnian	http://dbpedia.org/resource/Bosnia
Bosnians	NIL
Turkey	NIL
Muratovic	NIL
Suleyman Demirel	http://dbpedia.org/resource/Süleyman_Demirel
Tansu Ciller	http://dbpedia.org/resource/Tansu_Çiller
Turkish	NIL
U.S.	http://dbpedia.org/resource/United_States
Bosnia	http://dbpedia.org/resource/Bosnia
Bosnian	http://dbpedia.org/resource/Bosnia
Serbs	http://dbpedia.org/resource/Serbia
Turkish	NIL
Bosnia	http://dbpedia.org/resource/Bosnia
Birmingham Public Park	NIL
Ala	http://dbpedia.org/resource/Alabama
Moody's	NIL
NEW YORK	http://dbpedia.org/resource/New_York_City
Moody's Investors Service	NIL
Birmingham Public Park & Rec	NIL
YMCA	http://dbpedia.org/resource/YMCA
AL	NIL
U.S. Municipal Desk	NIL
Akron	http://dbpedia.org/resource/Akron,_Ohio
Ohio	http://dbpedia.org/resource/Ohio
Moody's	NIL
NEW YORK	http://dbpedia.org/resource/New_York_City
Moody's Investors Service	NIL
Akron	http://dbpedia.org/resource/Akron,_Ohio
OH	NIL
Eau Claire	http://dbpedia.org/resource/Eau_Claire,_Wisconsin
Wisc.	http://dbpedia.org/resource/Wisconsin
Robert W. Baird	http://dbpedia.org/resource/Robert_W._Baird
NEW YORK	http://dbpedia.org/resource/New_York_City
Robert W. Baird & Co., Inc.	NIL
Eau Claire	http://dbpedia.org/resource/Eau_Claire,_Wisconsin
Wisc.	http://dbpedia.org/resource/Wisconsin
Pakistan	http://dbpedia.org/resource/Pakistan
KARACHI	http://dbpedia.org/resource/Karachi
Pakistan	http://dbpedia.org/resource/Pakistan
State ( central ) Bank	NIL
Pakistan	http://dbpedia.org/resource/Pakistan
Karachi	http://dbpedia.org/resource/Karachi
Bangladesh	http://dbpedia.org/resource/Bangladesh
DHAKA	http://dbpedia.org/resource/Dhaka
Bangladesh	http://dbpedia.org/resource/Bangladesh
BANGLADESH	http://dbpedia.org/resource/Bangladesh
Palestinians	http://dbpedia.org/resource/State_of_Palestine
Jerusalem	http://dbpedia.org/resource/Jerusalem
JERUSALEM	http://dbpedia.org/resource/Jerusalem
Palestinian	http://dbpedia.org/resource/State_of_Palestine
Jerusalem	http://dbpedia.org/resource/Jerusalem
Israel	http://dbpedia.org/resource/Israel
Arab East Jerusalem	NIL
Israeli	http://dbpedia.org/resource/Israel
Jerusalem	http://dbpedia.org/resource/Jerusalem
Old City	http://dbpedia.org/resource/Old_City_(Jerusalem)
Palestinian self-rule Authority	NIL
Old City	http://dbpedia.org/resource/Old_City_(Jerusalem)
Israeli	http://dbpedia.org/resource/Israel
Palestinian Authority	http://dbpedia.org/resource/Palestinian_National_Authority
PLO-Israel	NIL
GMT	http://dbpedia.org/resource/Greenwich_Mean_Time
Palestinian	http://dbpedia.org/resource/State_of_Palestine
Ahmed Hashem Zighayer	NIL
Reuters	http://dbpedia.org/resource/Reuters
Benjamin Netanyahu	http://dbpedia.org/resource/Benjamin_Netanyahu
Authority	NIL
Gaza Strip	http://dbpedia.org/resource/Gaza_Strip
West Bank	NIL
Jerusalem	http://dbpedia.org/resource/Jerusalem
Israel	http://dbpedia.org/resource/Israel
Palestinian Authority	http://dbpedia.org/resource/Palestinian_National_Authority
PLO	NIL
Netanyahu	http://dbpedia.org/resource/Benjamin_Netanyahu
Jerusalem	http://dbpedia.org/resource/Jerusalem
Israel	http://dbpedia.org/resource/Israel
Netanyahu	http://dbpedia.org/resource/Benjamin_Netanyahu
Palestine Liberation Organisation	NIL
PLO	NIL
Israel	http://dbpedia.org/resource/Israel
Arab East Jerusalem	NIL
Middle East	http://dbpedia.org/resource/Middle_East
Palestinians	http://dbpedia.org/resource/State_of_Palestine
East Jerusalem	http://dbpedia.org/resource/East_Jerusalem
Netanyahu	http://dbpedia.org/resource/Benjamin_Netanyahu
RUGBY UNION	http://dbpedia.org/resource/Rugby_union
CARLING	http://dbpedia.org/resource/Will_Carling
ENGLAND	http://dbpedia.org/resource/England_national_rugby_union_team
LONDON	http://dbpedia.org/resource/London
England	http://dbpedia.org/resource/England_national_rugby_union_team
Will Carling	http://dbpedia.org/resource/Will_Carling
Jeremy Guscott	http://dbpedia.org/resource/Jeremy_Guscott
Rory Underwood	http://dbpedia.org/resource/Rory_Underwood
Dean Richards	http://dbpedia.org/resource/Dean_Richards_(rugby_union)
England	http://dbpedia.org/resource/England_national_rugby_union_team
Rugby Football Union	http://dbpedia.org/resource/Rugby_Football_Union
U.S. Treasury	http://dbpedia.org/resource/United_States_Department_of_the_Treasury
Fed	http://dbpedia.org/resource/Federal_Reserve_System
WASHINGTON	http://dbpedia.org/resource/Washington,_D.C.
U.S. Treasury	http://dbpedia.org/resource/United_States_Department_of_the_Treasury
Federal Reserve	http://dbpedia.org/resource/Federal_Reserve_System
Treasury Department	http://dbpedia.org/resource/United_States_Department_of_the_Treasury
Fed	http://dbpedia.org/resource/Federal_Reserve_System
Guinea	NIL
CONAKRY	http://dbpedia.org/resource/Conakry
Guinea	NIL
Sidia Toure	http://dbpedia.org/resource/Sidya_Touré
Ousmane Kaba	NIL
Guinean	NIL
Kaba	NIL
Guinean	NIL
Toure	NIL
Guinea	NIL
West African	NIL
Lansana Conte	http://dbpedia.org/resource/Lansana_Conté
Toure	NIL
Ivory Coast	http://dbpedia.org/resource/Côte_d'Ivoire
Guinean	NIL
Nigeria	http://dbpedia.org/resource/Nigeria
LAGOS	http://dbpedia.org/resource/Lagos
Nigerian	http://dbpedia.org/resource/Nigeria
Constitutional Rights Project	NIL
CRP	NIL
William Istafanus	NIL
Elisha Shamay	NIL
O.K. Likkason	NIL
Jerome Egurugbe	NIL
ASUU	NIL
Academic Staff Union of Universities	http://dbpedia.org/resource/Academic_Staff_Union_of_Universities
CRP	NIL
Tafawa Balewa University	NIL
ASUU	NIL
Nigeria	http://dbpedia.org/resource/Nigeria
Nigeria	http://dbpedia.org/resource/Nigeria
Western	http://dbpedia.org/resource/Western_world
Commonwealth	http://dbpedia.org/resource/Commonwealth_of_Nations
London	http://dbpedia.org/resource/London
Nigeria	http://dbpedia.org/resource/Nigeria
Nigeria	http://dbpedia.org/resource/Nigeria
Britain	http://dbpedia.org/resource/United_Kingdom
Bulgarians	http://dbpedia.org/resource/Bulgarians
SOFIA	http://dbpedia.org/resource/Sofia
Bulgaria	http://dbpedia.org/resource/Bulgaria
Agriculture Ministry	NIL
Southeastern Bulgaria	NIL
Soviet-style	NIL
Sofia Newsroom	NIL
Romania	http://dbpedia.org/resource/Romania
BUCHAREST	http://dbpedia.org/resource/Bucharest
Romania	http://dbpedia.org/resource/Romania
Romania	http://dbpedia.org/resource/Romania
Bucharest Newsroom	NIL
BALANCE-Water Dist 1	NIL
Johnson Cty	NIL
Kan	NIL
WATER DISTRICT 1	NIL
JOHNSON CO	NIL
KS	NIL
MOODY 'S	NIL
S&P	NIL
A.G. Edwards & Sons, Inc	NIL
U.S. Municipal Desk	NIL
Burundi	http://dbpedia.org/resource/Burundi
UN	NIL
Evelyn Leopold	NIL
UNITED NATIONS	http://dbpedia.org/resource/United_Nations
Burundi	http://dbpedia.org/resource/Burundi
African	http://dbpedia.org/resource/Africa
Burundi	http://dbpedia.org/resource/Burundi
U.N. Security Council	http://dbpedia.org/resource/United_Nations_Security_Council
Nsanze Terence	NIL
Tanzanian	http://dbpedia.org/resource/Tanzania
Julius Nyrere	http://dbpedia.org/resource/Julius_Nyerere
African	http://dbpedia.org/resource/Africa
Security Council	http://dbpedia.org/resource/United_Nations_Security_Council
Pierre Buyoya	http://dbpedia.org/resource/Pierre_Buyoya
Tutsi-run	NIL
Hutus	NIL
African	http://dbpedia.org/resource/Africa
Burundi	http://dbpedia.org/resource/Burundi
Terence	NIL
Burundi	http://dbpedia.org/resource/Burundi
African	http://dbpedia.org/resource/Africa
Burundi	http://dbpedia.org/resource/Burundi
U.N.	http://dbpedia.org/resource/United_Nations
Burundi	http://dbpedia.org/resource/Burundi
Tutsis	http://dbpedia.org/resource/Tutsi
Hutus	NIL
Botswana	http://dbpedia.org/resource/Botswana
Mothusi Nkgowe	NIL
Chile	http://dbpedia.org/resource/Chile
Burundi	http://dbpedia.org/resource/Burundi
Russia	http://dbpedia.org/resource/Russia
United States	http://dbpedia.org/resource/United_States
Chilean	http://dbpedia.org/resource/Chile
Britain	http://dbpedia.org/resource/United_Kingdom
France	http://dbpedia.org/resource/France
China	http://dbpedia.org/resource/People's_Republic_of_China
Terence	NIL
Tutsi	http://dbpedia.org/resource/Tutsi
Hutu	http://dbpedia.org/resource/Hutu
Chilean	http://dbpedia.org/resource/Chile
Juan Somavia	http://dbpedia.org/resource/Juan_Somavía
Burundi	http://dbpedia.org/resource/Burundi
African	http://dbpedia.org/resource/Africa
Burundi	http://dbpedia.org/resource/Burundi
Terence	NIL
Buyoya	http://dbpedia.org/resource/Pierre_Buyoya
United States	http://dbpedia.org/resource/United_States
Karl Inderfurth	http://dbpedia.org/resource/Karl_Inderfurth
Washington	http://dbpedia.org/resource/Washington,_D.C.
Rwanda	http://dbpedia.org/resource/Rwanda
Tutsis	http://dbpedia.org/resource/Tutsi
United Nations	http://dbpedia.org/resource/United_Nations
MILTIADIS EVERT	http://dbpedia.org/resource/Miltiadis_Evert
ALEXANDROUPOLIS	NIL
ATHENS	http://dbpedia.org/resource/Athens
Conservative New Democracy	NIL
ND	NIL
Miltiadis Evert	http://dbpedia.org/resource/Miltiadis_Evert
Alexandroupolis	NIL
ND	NIL
Evert	NIL
Alexandroupolis	NIL
Costas Simitis	http://dbpedia.org/resource/Costas_Simitis
Evert	NIL
ND	NIL
ND	NIL
Simitis	http://dbpedia.org/resource/Costas_Simitis
ND	NIL
EU	NIL
ND	NIL
Evert	NIL
Dimitris Kontogiannis	NIL
Athens Newsroom	NIL
FSA	NIL
NEW YORK	http://dbpedia.org/resource/New_York_City
Financial Security Assurance	NIL
Paris	http://dbpedia.org/resource/Paris,_Arkansas
Ark	NIL
St Ansgar	NIL
Iowa	NIL
Avalon Borough	http://dbpedia.org/resource/Avalon,_New_Jersey
N.J.	http://dbpedia.org/resource/New_Jersey
Seaford Union	NIL
N.Y.	http://dbpedia.org/resource/New_York
Akron	http://dbpedia.org/resource/Akron,_Ohio
Ohio	http://dbpedia.org/resource/Ohio
U.S. Municipal Desk	NIL
Colo.	http://dbpedia.org/resource/Colorado
Moody's	NIL
NEW YORK	http://dbpedia.org/resource/New_York_City
Moody's Investors Service	NIL
Colorado Health Fac. Auth. National Benevolent Assoc.	NIL
Colorado Christian Home	NIL
CO	NIL
MOF	http://dbpedia.org/resource/Ministry_of_Finance_(Japan)
Kubo	NIL
BOJ	http://dbpedia.org/resource/Bank_of_Japan
TOKYO	http://dbpedia.org/resource/Tokyo
Japan	http://dbpedia.org/resource/Japan
Wataru Kubo	NIL
Bank of Japan	http://dbpedia.org/resource/Bank_of_Japan
BOJ	http://dbpedia.org/resource/Bank_of_Japan
BOJ	http://dbpedia.org/resource/Bank_of_Japan
Kubo	NIL
BOJ	http://dbpedia.org/resource/Bank_of_Japan
BOJ	http://dbpedia.org/resource/Bank_of_Japan
BOJ	http://dbpedia.org/resource/Bank_of_Japan
Kubo	NIL
Kubo	NIL
Kubo	NIL
Japan	http://dbpedia.org/resource/Japan
Iraq	http://dbpedia.org/resource/Iraq
U.N.	http://dbpedia.org/resource/United_Nations
Evelyn Leopold	NIL
UNITED NATIONS	http://dbpedia.org/resource/United_Nations
Iraq	http://dbpedia.org/resource/Iraq
U.N.	http://dbpedia.org/resource/United_Nations
United States	http://dbpedia.org/resource/United_States
Iraqi	http://dbpedia.org/resource/Iraq
Baghdad	NIL
Iraq	http://dbpedia.org/resource/Iraq
Kuwait	http://dbpedia.org/resource/Kuwait
Iraqi	http://dbpedia.org/resource/Iraq
United States	http://dbpedia.org/resource/United_States
Iraq	http://dbpedia.org/resource/Iraq
Saeed Hasan	NIL
United Nations	http://dbpedia.org/resource/United_Nations
Iraq	http://dbpedia.org/resource/Iraq
Saeed	NIL
U.N.	http://dbpedia.org/resource/United_Nations
Boutros Boutros-Ghali	http://dbpedia.org/resource/Boutros_Boutros-Ghali
U.N. Department of Humanitarian Affairs	NIL
DHA	NIL
United States	http://dbpedia.org/resource/United_States
U.N.	http://dbpedia.org/resource/United_Nations
Iraq	http://dbpedia.org/resource/Iraq
Gulf War	http://dbpedia.org/resource/Gulf_War
U.N.	http://dbpedia.org/resource/United_Nations
U.N.	http://dbpedia.org/resource/United_Nations
United Nations	http://dbpedia.org/resource/United_Nations
Iraqi	http://dbpedia.org/resource/Iraq
Kurdish	http://dbpedia.org/resource/Kurdistan
Baghdad	http://dbpedia.org/resource/Iraq
Iraqis	http://dbpedia.org/resource/Iraq
New York-based	http://dbpedia.org/resource/New_York_City
Yasushi Akashi	http://dbpedia.org/resource/Yasushi_Akashi
DHA	NIL
Security Council	http://dbpedia.org/resource/United_Nations_Security_Council
Serbia	http://dbpedia.org/resource/Serbia
Zastava	http://dbpedia.org/resource/Zastava_Arms
BELGRADE	http://dbpedia.org/resource/Belgrade
Serbia	http://dbpedia.org/resource/Serbia
Zastava	http://dbpedia.org/resource/Zastava_Arms
Vukasin Filipovic	NIL
Reuters	http://dbpedia.org/resource/Reuters
Filipovic	NIL
Zastava	http://dbpedia.org/resource/Zastava_Arms
Kragujevac	http://dbpedia.org/resource/Kragujevac
Serbia	http://dbpedia.org/resource/Serbia
Filipovic	NIL
Venezuela	http://dbpedia.org/resource/Venezuela
CARACAS	http://dbpedia.org/resource/Caracas
Venezuelan	http://dbpedia.org/resource/Venezuela
Luis Raul Matos Azocar	NIL
GMT	http://dbpedia.org/resource/Greenwich_Mean_Time
Central Bank	NIL
Finance Ministry	NIL
Matos	NIL
IMF-hosted	NIL
Venezuela	http://dbpedia.org/resource/Venezuela
Venezuelan Agenda	NIL
Caracas	http://dbpedia.org/resource/Caracas
Venezuela	http://dbpedia.org/resource/Venezuela
CARACAS	http://dbpedia.org/resource/Caracas
Venezuela	http://dbpedia.org/resource/Venezuela
Central Office of Statistics and Information	NIL
OCEI	NIL
OCEI	NIL
IMF-sponsored	NIL
Colombia	http://dbpedia.org/resource/Colombia
Venezuela	http://dbpedia.org/resource/Venezuela
U.S.	http://dbpedia.org/resource/United_States
Caracas	http://dbpedia.org/resource/Caracas
REUTER	NIL
Brazil	http://dbpedia.org/resource/Brazil
Congress	http://dbpedia.org/resource/National_Congress_of_Brazil
BRASILIA	http://dbpedia.org/resource/Brasília
Brazilian	http://dbpedia.org/resource/Brazil
Antonio Kandir	NIL
Congress	http://dbpedia.org/resource/National_Congress_of_Brazil
Congress	http://dbpedia.org/resource/National_Congress_of_Brazil
NEW YORK	http://dbpedia.org/resource/New_York_City
Conference Board	http://dbpedia.org/resource/The_Conference_Board
U.S.	http://dbpedia.org/resource/United_States
Conference Board	http://dbpedia.org/resource/The_Conference_Board
Ken Goldstein	NIL
Goldstein	NIL
New England	http://dbpedia.org/resource/New_England
Mountain	NIL
West South Central	http://dbpedia.org/resource/West_South_Central_States
East North Central	http://dbpedia.org/resource/East_North_Central_States
French	http://dbpedia.org/resource/France
RENNES	http://dbpedia.org/resource/Rennes
Cherbourg	http://dbpedia.org/resource/Cherbourg-Octeville
Cherbourg	http://dbpedia.org/resource/Cherbourg-Octeville
Indre	http://dbpedia.org/resource/Indre
Canada	http://dbpedia.org/resource/Canada
OTTAWA	http://dbpedia.org/resource/Ottawa
Canadian	http://dbpedia.org/resource/Canada
Canada	http://dbpedia.org/resource/Canada
Statistics Canada	http://dbpedia.org/resource/Statistics_Canada
C$	NIL
C$	NIL
C$	NIL
Canadians	http://dbpedia.org/resource/Canada
C$	NIL
Reuters Ottawa Burea	NIL
Palestinians	http://dbpedia.org/resource/State_of_Palestine
JERUSALEM	http://dbpedia.org/resource/Jerusalem
Palestinians	http://dbpedia.org/resource/State_of_Palestine
Yasser Arafat	http://dbpedia.org/resource/Yasser_Arafat
Israel	http://dbpedia.org/resource/Israel
Jewish	http://dbpedia.org/resource/Jews
Jerusalem	http://dbpedia.org/resource/Jerusalem
Arab East Jerusalem	NIL
GMT	http://dbpedia.org/resource/Greenwich_Mean_Time
Palestinian	http://dbpedia.org/resource/State_of_Palestine
West Bank	NIL
Gaza	http://dbpedia.org/resource/Gaza_Strip
Israel	http://dbpedia.org/resource/Israel
Hebron	http://dbpedia.org/resource/Hebron
West Bank	NIL
Israeli	http://dbpedia.org/resource/Israel
Hong Kong	http://dbpedia.org/resource/Hong_Kong
Tsang	http://dbpedia.org/resource/Donald_Tsang
Mark Trevelyan	NIL
WELLINGTON	http://dbpedia.org/resource/Wellington
Hong Kong	http://dbpedia.org/resource/Hong_Kong
Donald Tsang	http://dbpedia.org/resource/Donald_Tsang
Tsang	http://dbpedia.org/resource/Donald_Tsang
New Zealand	http://dbpedia.org/resource/New_Zealand
Hong Kong	http://dbpedia.org/resource/Hong_Kong
U.S.	http://dbpedia.org/resource/United_States
China	http://dbpedia.org/resource/People's_Republic_of_China
Hong Kong	http://dbpedia.org/resource/Hong_Kong
Hong Kong	http://dbpedia.org/resource/Hong_Kong
Tsang	http://dbpedia.org/resource/Donald_Tsang
New Zealand	http://dbpedia.org/resource/New_Zealand
Bill Birch	http://dbpedia.org/resource/Bill_Birch
Hong Kong	http://dbpedia.org/resource/Hong_Kong
U.S.	http://dbpedia.org/resource/United_States
Hong Kong	http://dbpedia.org/resource/Hong_Kong
China	http://dbpedia.org/resource/People's_Republic_of_China
Britain	http://dbpedia.org/resource/United_Kingdom
Hong Kong	http://dbpedia.org/resource/Hong_Kong
Chinese	http://dbpedia.org/resource/People's_Republic_of_China
Tsang	http://dbpedia.org/resource/Donald_Tsang
Chinese	http://dbpedia.org/resource/People's_Republic_of_China
Hong Kong	http://dbpedia.org/resource/Hong_Kong
Hong Kong	http://dbpedia.org/resource/Hong_Kong
Beijing	http://dbpedia.org/resource/Beijing
Tsang	http://dbpedia.org/resource/Donald_Tsang
Tsang	http://dbpedia.org/resource/Donald_Tsang
Tsang	http://dbpedia.org/resource/Donald_Tsang
British	http://dbpedia.org/resource/United_Kingdom
China	http://dbpedia.org/resource/People's_Republic_of_China
Siam Commercial	NIL
BANGKOK	http://dbpedia.org/resource/Bangkok
Thailand	http://dbpedia.org/resource/Thailand
Siam Commercial Bank Plc	NIL
Government Housing Bank	NIL
Waterworks Authority	NIL
Siam Commercial Bank	http://dbpedia.org/resource/Siam_Commercial_Bank
Reuters	http://dbpedia.org/resource/Reuters
Bangkok	http://dbpedia.org/resource/Bangkok
Spain	http://dbpedia.org/resource/Spain
Bank of Spain	http://dbpedia.org/resource/Bank_of_Spain
EPA	NIL
**General Consumer Price Index	NIL
Producer Prices Index	NIL
Industrial Production Index	http://dbpedia.org/resource/Industrial_Production_Index
Wall Street	http://dbpedia.org/resource/Wall_Street
Rubin	http://dbpedia.org/resource/Robert_Rubin
Clinton	http://dbpedia.org/resource/Bill_Clinton
Donna Sells	NIL
NEW YORK	http://dbpedia.org/resource/New_York_City
Wall Street	http://dbpedia.org/resource/Wall_Street
Robert Rubin	http://dbpedia.org/resource/Robert_Rubin
Treasury	http://dbpedia.org/resource/United_States_Department_of_the_Treasury
Clinton	http://dbpedia.org/resource/Bill_Clinton
Rubin	http://dbpedia.org/resource/Robert_Rubin
Rubin	http://dbpedia.org/resource/Robert_Rubin
Cabinet	http://dbpedia.org/resource/Cabinet_(government)
Democratic	http://dbpedia.org/resource/Democratic_Party_(United_States)
Chicago	http://dbpedia.org/resource/Chicago
Rubin	http://dbpedia.org/resource/Robert_Rubin
Wall Street	http://dbpedia.org/resource/Wall_Street
Rubin	http://dbpedia.org/resource/Robert_Rubin
Treasury	http://dbpedia.org/resource/United_States_Department_of_the_Treasury
Lloyd Bentsen	http://dbpedia.org/resource/Lloyd_Bentsen
Japan	http://dbpedia.org/resource/Japan
Clinton	http://dbpedia.org/resource/Bill_Clinton
Chris Widness	NIL
Chase Securities Inc.	NIL
Rubin	http://dbpedia.org/resource/Robert_Rubin
U.S.	http://dbpedia.org/resource/United_States
post-Second World War	NIL
German	http://dbpedia.org/resource/Germany
Japanese	http://dbpedia.org/resource/Japan
Rubin	http://dbpedia.org/resource/Robert_Rubin
Wall Street	http://dbpedia.org/resource/Wall_Street
Goldman, Sachs and Co. Inc	NIL
Rubin	http://dbpedia.org/resource/Robert_Rubin
Michael Faust	NIL
Bailard, Biehl and Kaiser	NIL
Treasury	http://dbpedia.org/resource/United_States_Department_of_the_Treasury
Bentsen-era	NIL
U.S.	http://dbpedia.org/resource/United_States
U.S. Treasury	http://dbpedia.org/resource/United_States_Department_of_the_Treasury
Widness	NIL
Alan Greenspan	http://dbpedia.org/resource/Alan_Greenspan
Federal Reserve	http://dbpedia.org/resource/Federal_Reserve_System
Rubin	http://dbpedia.org/resource/Robert_Rubin
Treasury	http://dbpedia.org/resource/United_States_Department_of_the_Treasury
United States	http://dbpedia.org/resource/United_States
Widness	NIL
U.S.	http://dbpedia.org/resource/United_States
Rubin	http://dbpedia.org/resource/Robert_Rubin
Treasury	http://dbpedia.org/resource/United_States_Department_of_the_Treasury
Rubin	http://dbpedia.org/resource/Robert_Rubin
White House	http://dbpedia.org/resource/White_House
Michael Perelstein	NIL
MainStay International Funds	NIL
Rubin	http://dbpedia.org/resource/Robert_Rubin
Perelstein	NIL
Tokyo	http://dbpedia.org/resource/Tokyo
Frankfurt	http://dbpedia.org/resource/Frankfurt_am_Main
Canada	http://dbpedia.org/resource/Canada
OTTAWA	http://dbpedia.org/resource/Ottawa
Canada	http://dbpedia.org/resource/Canada
Bank of Canada	http://dbpedia.org/resource/Bank_of_Canada
Treasury	NIL
Canada	http://dbpedia.org/resource/Canada
Canadian	http://dbpedia.org/resource/Canada
Canadian	http://dbpedia.org/resource/Canada
Reuters Ottawa Bureau	NIL
East Dries	NIL
JOHANNESBURG	http://dbpedia.org/resource/Johannesburg
Driefontein Consolidated Ltd	NIL
Gold Fields of South Africa Ltd	NIL
Driefontein Consolidated and Gold Fields ' Kloof Gold Mining Co	NIL
Johannesburg	http://dbpedia.org/resource/Johannesburg
Wall Street	http://dbpedia.org/resource/New_York_Stock_Exchange
Pierre Belec	NIL
NEW YORK	http://dbpedia.org/resource/New_York_City
Wall Street	http://dbpedia.org/resource/New_York_Stock_Exchange
Clinton	http://dbpedia.org/resource/Bill_Clinton
Bob Dole	http://dbpedia.org/resource/Bob_Dole
Ross Perot	http://dbpedia.org/resource/Ross_Perot
Federal Reserve	http://dbpedia.org/resource/Federal_Reserve_System
Clinton	http://dbpedia.org/resource/Bill_Clinton
Dole	http://dbpedia.org/resource/Bob_Dole
Hugh Johnson	NIL
First Albany Corp.	NIL
Wall Street	http://dbpedia.org/resource/New_York_Stock_Exchange
Dole	http://dbpedia.org/resource/Bob_Dole
Clinton	http://dbpedia.org/resource/Bill_Clinton
Clinton	http://dbpedia.org/resource/Bill_Clinton
Dole	http://dbpedia.org/resource/Bob_Dole
White House	http://dbpedia.org/resource/White_House
Wall Street	http://dbpedia.org/resource/New_York_Stock_Exchange
Washington	http://dbpedia.org/resource/Washington,_D.C.
John Geraghty	NIL
North American Equity Services	NIL
Ronald Reagan	http://dbpedia.org/resource/Ronald_Reagan
White House	http://dbpedia.org/resource/White_House
Democrat	http://dbpedia.org/resource/Democratic_Party_(United_States)
Walter Mondale	http://dbpedia.org/resource/Walter_Mondale
George Bush	http://dbpedia.org/resource/George_H._W._Bush
Clinton	http://dbpedia.org/resource/Bill_Clinton
Wall Street	http://dbpedia.org/resource/New_York_Stock_Exchange
Treasury	http://dbpedia.org/resource/United_States_Department_of_the_Treasury
Johnson	NIL
Dow Jones	http://dbpedia.org/resource/Dow_Jones_Industrial_Average
Geraghty	NIL
Dole	http://dbpedia.org/resource/Bob_Dole
Clinton	http://dbpedia.org/resource/Bill_Clinton
Geraghty	NIL
Whitewater	http://dbpedia.org/resource/Whitewater_controversy
Clintons	NIL
Geraghty	NIL
Wall Street	http://dbpedia.org/resource/New_York_Stock_Exchange
Geraghty	NIL
Dow Jones	http://dbpedia.org/resource/Dow_Jones_Industrial_Average
Nasdaq	http://dbpedia.org/resource/NASDAQ
Standard & Poor	http://dbpedia.org/resource/S&P_500
American Stock Exchange	http://dbpedia.org/resource/American_Stock_Exchange
Glenn Somerville	NIL
WASHINGTON	http://dbpedia.org/resource/Washington,_D.C.
Midwest	http://dbpedia.org/resource/Midwestern_United_States
Commerce Department	http://dbpedia.org/resource/United_States_Department_of_Commerce
Chicago	http://dbpedia.org/resource/Chicago
Midwest	http://dbpedia.org/resource/Midwestern_United_States
Federal Reserve	http://dbpedia.org/resource/Federal_Reserve_System
Lynn Reaser	NIL
Barnett Banks Inc.	NIL
Jacksonville	http://dbpedia.org/resource/Jacksonville,_Florida
Fla	NIL
Wall Street	http://dbpedia.org/resource/New_York_Stock_Exchange
Fed	http://dbpedia.org/resource/Federal_Reserve_System
Treasury	http://dbpedia.org/resource/United_States_Department_of_the_Treasury
Dow Jones	http://dbpedia.org/resource/Dow_Jones_Industrial_Average
Commerce Department	http://dbpedia.org/resource/United_States_Department_of_Commerce
Joel Naroff	NIL
First Union	NIL
Philadelphia	http://dbpedia.org/resource/Philadelphia
FOMC	http://dbpedia.org/resource/Federal_Open_Market_Committee
Federal Open Market Committee	http://dbpedia.org/resource/Federal_Open_Market_Committee
Naroff	NIL
FOMC	http://dbpedia.org/resource/Federal_Open_Market_Committee
CNBC	http://dbpedia.org/resource/CNBC
Federal Reserve	http://dbpedia.org/resource/Federal_Reserve_System
Lawrence Lindsey	http://dbpedia.org/resource/Lawrence_B._Lindsey
Lindsey	http://dbpedia.org/resource/Lawrence_B._Lindsey
University of Michigan	http://dbpedia.org/resource/University_of_Michigan
Reaser	NIL
Fed	http://dbpedia.org/resource/Federal_Reserve_System
France	http://dbpedia.org/resource/France
African	http://dbpedia.org/resource/Africa
Air France	http://dbpedia.org/resource/Air_France
PARIS	http://dbpedia.org/resource/Paris
France	http://dbpedia.org/resource/France
African	http://dbpedia.org/resource/Africa
Paris	http://dbpedia.org/resource/Paris
Air France	http://dbpedia.org/resource/Air_France
Guinean	NIL
Saint-Bernard	NIL
Air France	http://dbpedia.org/resource/Air_France
Conakry	http://dbpedia.org/resource/Conakry
Air France	http://dbpedia.org/resource/Air_France
CFDT	http://dbpedia.org/resource/French_Democratic_Confederation_of_Labour
African	http://dbpedia.org/resource/Africa
CFDT	http://dbpedia.org/resource/French_Democratic_Confederation_of_Labour
Communist-led	NIL
CGT	http://dbpedia.org/resource/General_Confederation_of_Labour_(France)
Air France	http://dbpedia.org/resource/Air_France
Charles de Gaulle	http://dbpedia.org/resource/Paris-Charles_de_Gaulle_Airport
Paris	http://dbpedia.org/resource/Paris
Air France	http://dbpedia.org/resource/Air_France
Christian Blanc	http://dbpedia.org/resource/Christian_Blanc
CFDT	http://dbpedia.org/resource/French_Democratic_Confederation_of_Labour
Francois Cabrera	NIL
Alain Juppe	http://dbpedia.org/resource/Alain_Juppé
Juppe	NIL
Juppe	NIL
Bay Co Bldg Auth	NIL
Mich	NIL
NYC	http://dbpedia.org/resource/New_York_City
Bay Co Building Authority	NIL
MI	NIL
Michigan National Bank	http://dbpedia.org/resource/Michigan_National_Bank
Detroit	http://dbpedia.org/resource/Detroit
Bodman, Longely & Dahling	NIL
Detroit	http://dbpedia.org/resource/Detroit
First of Michigan Corp.	NIL
Detroit	http://dbpedia.org/resource/Detroit
J.J. KENNY	NIL
Glenn Somerville	NIL
WASHINGTON	http://dbpedia.org/resource/Washington,_D.C.
Commerce Department	http://dbpedia.org/resource/United_States_Department_of_Commerce
Commerce	http://dbpedia.org/resource/United_States_Department_of_Commerce
U.S.	http://dbpedia.org/resource/United_States
Wall Street	http://dbpedia.org/resource/New_York_Stock_Exchange
Labour Department	NIL
NYC	http://dbpedia.org/resource/New_York_City
Euro	NIL
NEW YORK	http://dbpedia.org/resource/New_York_City
New York City	http://dbpedia.org/resource/New_York_City
European	http://dbpedia.org/resource/Europe
Goldman, Sachs	NIL
Euronotes	NIL
New York City	http://dbpedia.org/resource/New_York_City
U.S.	http://dbpedia.org/resource/United_States
European	http://dbpedia.org/resource/Europe
London Stock Exchange	http://dbpedia.org/resource/London_Stock_Exchange
Joan Gralla	NIL
Chile	http://dbpedia.org/resource/Chile
Mexico	http://dbpedia.org/resource/Mexico
SANTIAGO	http://dbpedia.org/resource/Santiago,_Chile
Chile	http://dbpedia.org/resource/Chile
Mexico	http://dbpedia.org/resource/Mexico
Finance	http://dbpedia.org/resource/Ministry_of_Finance_(Chile)
Eduardo Aninat	NIL
Chile	http://dbpedia.org/resource/Chile
Aninat	NIL
Mexico	http://dbpedia.org/resource/Mexico
Aninat	NIL
Canada	http://dbpedia.org/resource/Canada
Mexico	http://dbpedia.org/resource/Mexico
Chile	http://dbpedia.org/resource/Chile
Aninat	NIL
Chilean	http://dbpedia.org/resource/Chile
Roger Atwood	NIL
Santiago	http://dbpedia.org/resource/Santiago,_Chile
China	http://dbpedia.org/resource/People's_Republic_of_China
Hainan	http://dbpedia.org/resource/Hainan
BEIJING	http://dbpedia.org/resource/Beijing
China	http://dbpedia.org/resource/People's_Republic_of_China
State Council	NIL
Hainan	http://dbpedia.org/resource/Hainan
Xinhua	http://dbpedia.org/resource/Xinhua_News_Agency
Xinhua	http://dbpedia.org/resource/Xinhua_News_Agency
Qinglan	NIL
Wenchang	http://dbpedia.org/resource/Wenchang
Wenchang	http://dbpedia.org/resource/Wenchang
Xinhua	http://dbpedia.org/resource/Xinhua_News_Agency
WTO	http://dbpedia.org/resource/World_Trade_Organization
ILO	http://dbpedia.org/resource/International_Labour_Organization
SINGAPORE	http://dbpedia.org/resource/Singapore
International Labour Organisation	http://dbpedia.org/resource/International_Labour_Organization
ILO	http://dbpedia.org/resource/International_Labour_Organization
WTO	http://dbpedia.org/resource/World_Trade_Organization
Singapore	http://dbpedia.org/resource/Singapore
Bill Jordan	http://dbpedia.org/resource/William_Jordan,_Baron_Jordan
International Confederation of Free Trade Unions	http://dbpedia.org/resource/International_Confederation_of_Free_Trade_Unions
ICFTU	http://dbpedia.org/resource/International_Confederation_of_Free_Trade_Unions
WTO	http://dbpedia.org/resource/World_Trade_Organization
ILO	http://dbpedia.org/resource/International_Labour_Organization
Michel Hansenne	http://dbpedia.org/resource/Michel_Hansenne
Jordan	NIL
World Trade Organisation	http://dbpedia.org/resource/World_Trade_Organization
WTO	http://dbpedia.org/resource/World_Trade_Organization
Jordan	NIL
ICFTU	http://dbpedia.org/resource/International_Confederation_of_Free_Trade_Unions
Singapore	http://dbpedia.org/resource/Singapore
WTO	http://dbpedia.org/resource/World_Trade_Organization
Jordan	NIL
WTO	http://dbpedia.org/resource/World_Trade_Organization
ICFTU	http://dbpedia.org/resource/International_Confederation_of_Free_Trade_Unions
WTO	http://dbpedia.org/resource/World_Trade_Organization
Bill Brett	NIL
ILO Workers Group	NIL
Reuters	http://dbpedia.org/resource/Reuters
Association of Southeast Asian Nations	http://dbpedia.org/resource/ASEAN
ASEAN	http://dbpedia.org/resource/ASEAN
ILO	http://dbpedia.org/resource/International_Labour_Organization
ASEAN	http://dbpedia.org/resource/ASEAN
Brunei	http://dbpedia.org/resource/Brunei
Indonesia	http://dbpedia.org/resource/Indonesia
Malaysia	http://dbpedia.org/resource/Malaysia
Philippines	http://dbpedia.org/resource/Philippines
Singapore	http://dbpedia.org/resource/Singapore
Thailand	http://dbpedia.org/resource/Thailand
Vietnam	http://dbpedia.org/resource/Vietnam
ILO	http://dbpedia.org/resource/International_Labour_Organization
WTO	http://dbpedia.org/resource/World_Trade_Organization
ICFTU	http://dbpedia.org/resource/International_Confederation_of_Free_Trade_Unions
Richard Eglin	NIL
WTO	http://dbpedia.org/resource/World_Trade_Organization
WTO	http://dbpedia.org/resource/World_Trade_Organization
WTO	http://dbpedia.org/resource/World_Trade_Organization
ILO	http://dbpedia.org/resource/International_Labour_Organization
Japan	http://dbpedia.org/resource/Japan
George Nishiyama	NIL
TOKYO	http://dbpedia.org/resource/Tokyo
Japan	http://dbpedia.org/resource/Japan
Bank of Japan	http://dbpedia.org/resource/Bank_of_Japan
BOJ	http://dbpedia.org/resource/Bank_of_Japan
Yasuo Matsushita	NIL
Japan	http://dbpedia.org/resource/Japan
Eisuke Sakakibara	NIL
Finance Ministry	http://dbpedia.org/resource/Ministry_of_Finance_(Japan)
Sakakibara	NIL
U.S.	http://dbpedia.org/resource/United_States
U.S. Treasury	http://dbpedia.org/resource/United_States_Department_of_the_Treasury
Robert	http://dbpedia.org/resource/Robert_Rubin
Rubin	http://dbpedia.org/resource/Robert_Rubin
Hank Note	NIL
Sumitomo Bank	http://dbpedia.org/resource/The_Sumitomo_Bank
Rubin	http://dbpedia.org/resource/Robert_Rubin
U.S.	http://dbpedia.org/resource/United_States
Sakakibara	NIL
United States	http://dbpedia.org/resource/United_States
Sakakibara	NIL
Sumitomo	http://dbpedia.org/resource/The_Sumitomo_Bank
Note	NIL
Takao Sakoh	NIL
Union Bank of Switzerland	http://dbpedia.org/resource/Union_Bank_of_Switzerland
Tokyo	http://dbpedia.org/resource/Tokyo
Sakakibara	NIL
Sakakibara	NIL
International Finance Bureau	NIL
Japan	http://dbpedia.org/resource/Japan
Sakakibara	NIL
Mr Yen	NIL
Sakakibara	NIL
BOJ	http://dbpedia.org/resource/Bank_of_Japan
Matsushita	NIL
Matsushita	NIL
Nihon Keizai Shimbun	http://dbpedia.org/resource/Nihon_Keizai_Shimbun
BOJ	http://dbpedia.org/resource/Bank_of_Japan
Yasuhito Kawashima	NIL
Toyo Trust & Banking Co	NIL
Japan	http://dbpedia.org/resource/Japan
Japanese	http://dbpedia.org/resource/Japan
BOJ	http://dbpedia.org/resource/Bank_of_Japan
Taisuke Tanaka	NIL
Credit Suisse	http://dbpedia.org/resource/Credit_Suisse
Tokyo	http://dbpedia.org/resource/Tokyo
BOJ	http://dbpedia.org/resource/Bank_of_Japan
BOJ	http://dbpedia.org/resource/Bank_of_Japan
Reuters	http://dbpedia.org/resource/Reuters
Hartford	http://dbpedia.org/resource/Hartford,_Connecticut
Conn	NIL
HARTFORD	http://dbpedia.org/resource/Hartford,_Connecticut
CONNECTICUT	NIL
MOODY 'S	NIL
S&P	http://dbpedia.org/resource/Standard_&_Poor's
FSA	http://dbpedia.org/resource/Financial_Services_Authority
State Street Bank and Trust Company Prudential Securities Incorporated PaineWebber Incorporated First Union Capital Markets Corp.	NIL
NJ	NIL
U.S. Municipal Desk	NIL
Italy	http://dbpedia.org/resource/Italy
ROME	http://dbpedia.org/resource/Rome
Italian	http://dbpedia.org/resource/Italy
Senate	NIL
Italy	http://dbpedia.org/resource/Italy
Senate	NIL
Milan	http://dbpedia.org/resource/Milan
EU	NIL
Poland	http://dbpedia.org/resource/Poland
BRUSSELS	http://dbpedia.org/resource/Brussels
European Union	http://dbpedia.org/resource/European_Union
Poland	http://dbpedia.org/resource/Poland
Polish	http://dbpedia.org/resource/Poland
European Commission	http://dbpedia.org/resource/European_Commission
EU	NIL
Polish	http://dbpedia.org/resource/Poland
Europe	http://dbpedia.org/resource/Europe
EU	NIL
Poland	http://dbpedia.org/resource/Poland
Polish	http://dbpedia.org/resource/Poland
EU	NIL
Poland	http://dbpedia.org/resource/Poland
Polish	http://dbpedia.org/resource/Poland
Commission	http://dbpedia.org/resource/European_Commission
Poland	http://dbpedia.org/resource/Poland
Polish	http://dbpedia.org/resource/Poland
EU	NIL
Poland	http://dbpedia.org/resource/Poland
Clarke	http://dbpedia.org/resource/Kenneth_Clarke
Major	http://dbpedia.org/resource/John_Major
LONDON	http://dbpedia.org/resource/London
Kenneth Clarke	http://dbpedia.org/resource/Kenneth_Clarke
John Major	http://dbpedia.org/resource/John_Major
European	http://dbpedia.org/resource/European_Union
Major	http://dbpedia.org/resource/John_Major
Major	http://dbpedia.org/resource/John_Major
Clarke	http://dbpedia.org/resource/Kenneth_Clarke
Major	http://dbpedia.org/resource/John_Major
Major	http://dbpedia.org/resource/John_Major
Clarke	http://dbpedia.org/resource/Kenneth_Clarke
Frankfurt	http://dbpedia.org/resource/Frankfurt_Stock_Exchange
FRANKFURT	http://dbpedia.org/resource/Frankfurt_am_Main
Frankfurt	http://dbpedia.org/resource/Frankfurt_Stock_Exchange
Bundesbank	http://dbpedia.org/resource/Deutsche_Bundesbank
EPA	NIL
TOKYO	http://dbpedia.org/resource/Tokyo
Japan	http://dbpedia.org/resource/Japan
Economic Planning Agency	NIL
EPA	NIL
Shimpei Nukaya	NIL
Nukaya	NIL
Singapore	http://dbpedia.org/resource/Singapore
WTO	http://dbpedia.org/resource/World_Trade_Organization
Ramthan Hussain	NIL
SINGAPORE	http://dbpedia.org/resource/Singapore
Singapore	http://dbpedia.org/resource/Singapore
World Trade Organisation	http://dbpedia.org/resource/World_Trade_Organization
WTO	http://dbpedia.org/resource/World_Trade_Organization
Singapore	http://dbpedia.org/resource/Singapore
WTO	http://dbpedia.org/resource/World_Trade_Organization
Desmond Supple	NIL
I.D.E.A	NIL
Singapore	http://dbpedia.org/resource/Singapore
U.S.	http://dbpedia.org/resource/United_States
Singapore	http://dbpedia.org/resource/Singapore
American	http://dbpedia.org/resource/United_States
then-U.S.	NIL
Mickey Kantor	http://dbpedia.org/resource/Mickey_Kantor
WTO	http://dbpedia.org/resource/World_Trade_Organization
Geneva	http://dbpedia.org/resource/Geneva
Singapore	http://dbpedia.org/resource/Singapore
WTO	http://dbpedia.org/resource/World_Trade_Organization
Derek da Cunha	NIL
Institute of Policy Studies	http://dbpedia.org/resource/Institute_of_Policy_Studies_(Singapore)
ISEAS	NIL
Singapore	http://dbpedia.org/resource/Singapore
Singapore	http://dbpedia.org/resource/Singapore
Tan Kong Yam	NIL
National University of Singapore	http://dbpedia.org/resource/National_University_of_Singapore
WTO	http://dbpedia.org/resource/World_Trade_Organization
Uruguay	http://dbpedia.org/resource/Uruguay
General Agreement on Tariffs and Trade	NIL
GATT	NIL
WTO	http://dbpedia.org/resource/World_Trade_Organization
Singapore	http://dbpedia.org/resource/Singapore
European Union	http://dbpedia.org/resource/European_Union
Singapore	http://dbpedia.org/resource/Singapore
Supple	NIL
Singapore	http://dbpedia.org/resource/Singapore
Supple	NIL
Singapore	http://dbpedia.org/resource/Singapore
Singapore	http://dbpedia.org/resource/Singapore
Tan	NIL
Singapore	http://dbpedia.org/resource/Singapore
Singaporean	NIL
Tan	NIL
Singapore	http://dbpedia.org/resource/Singapore
Supple	NIL
Singapore	http://dbpedia.org/resource/Singapore
WTO	http://dbpedia.org/resource/World_Trade_Organization
Singapore	http://dbpedia.org/resource/Singapore
