GREEK	http://dbpedia.org/resource/Greece
ATHENS	http://dbpedia.org/resource/Athens
Greek	http://dbpedia.org/resource/Greece
Costas Simitis	http://dbpedia.org/resource/Costas_Simitis
Costas Skandalidis	http://dbpedia.org/resource/Kostas_Skandalidis
Costas Simitis	http://dbpedia.org/resource/Costas_Simitis
Skandalidis	NIL
Dimitris Kontogiannis	NIL
Athens Newsroom	NIL
Greek	http://dbpedia.org/resource/Greece
ATHENS	http://dbpedia.org/resource/Athens
Greek	http://dbpedia.org/resource/Greece
Costas Simitis	http://dbpedia.org/resource/Costas_Simitis
Costas Skandalidis	http://dbpedia.org/resource/Kostas_Skandalidis
Costas Simitis	http://dbpedia.org/resource/Costas_Simitis
Skandalidis	NIL
Dimitris Kontogiannis	NIL
Athens Newsroom	NIL
India	http://dbpedia.org/resource/India
Kashmir	http://dbpedia.org/resource/Kashmir
SRINAGAR	http://dbpedia.org/resource/Srinagar
India	http://dbpedia.org/resource/India
India	http://dbpedia.org/resource/India
Pakistan	http://dbpedia.org/resource/Pakistan
Jammu	NIL
Kashmir	NIL
Inderjit Gupta	NIL
Srinagar	http://dbpedia.org/resource/Srinagar
New Delhi	http://dbpedia.org/resource/New_Delhi
India	http://dbpedia.org/resource/India
Pakistan	http://dbpedia.org/resource/Pakistan
Islamabad	NIL
Gupta	http://dbpedia.org/resource/Indrajit_Gupta
Kashmir	http://dbpedia.org/resource/Kashmir
Gupta	http://dbpedia.org/resource/Indrajit_Gupta
India	http://dbpedia.org/resource/India
Pakistan	http://dbpedia.org/resource/Pakistan
Kashmir	http://dbpedia.org/resource/Kashmir
Britain	http://dbpedia.org/resource/United_Kingdom
H.D. Deve Gowda	http://dbpedia.org/resource/H._D._Deve_Gowda
Jammu	NIL
Kashmir	NIL
New Delhi	http://dbpedia.org/resource/New_Delhi
Mass	http://dbpedia.org/resource/Massachusetts
BOSTON	http://dbpedia.org/resource/Boston
Republican	http://dbpedia.org/resource/Republican_Party_(United_States)
William Weld	http://dbpedia.org/resource/William_Weld
U.S.	http://dbpedia.org/resource/United_States
Senate	NIL
Massachusetts	http://dbpedia.org/resource/Massachusetts
Weld	http://dbpedia.org/resource/William_Weld
Franny	NIL
Democratic	http://dbpedia.org/resource/Democratic_Party_(United_States)
John Kerry	http://dbpedia.org/resource/John_Kerry
Weld	http://dbpedia.org/resource/William_Weld
WBUR-FM	http://dbpedia.org/resource/WBUR
Cambridge	http://dbpedia.org/resource/Cambridge,_Massachusetts
Massachusetts	http://dbpedia.org/resource/Massachusetts
Washington	http://dbpedia.org/resource/Washington,_D.C.
Franny Weld	NIL
Tracy Roosevelt	NIL
Tracy	NIL
Democratic	http://dbpedia.org/resource/Democratic_Party_(United_States)
Franklin Roosevelt	http://dbpedia.org/resource/Franklin_D._Roosevelt
Democrats	http://dbpedia.org/resource/Democratic_Party_(United_States)
Roosevelts	http://dbpedia.org/resource/Roosevelt_family
Weld	http://dbpedia.org/resource/William_Weld
Susan Roosevelt Weld	http://dbpedia.org/resource/Susan_Roosevelt_Weld
Theodore Roosevelt	http://dbpedia.org/resource/Theodore_Roosevelt
Republican	http://dbpedia.org/resource/Republican_Party_(United_States)
Natural Law Party	http://dbpedia.org/resource/Natural_Law_Party_(United_States)
WASHINGTON	http://dbpedia.org/resource/Washington,_D.C.
The Natural Law Party	NIL
Transcendental Meditation	http://dbpedia.org/resource/Transcendental_Meditation
TM	NIL
John Hagelin	http://dbpedia.org/resource/John_Hagelin
TM	NIL
TM	NIL
Greek	http://dbpedia.org/resource/Greece
ATHENS	http://dbpedia.org/resource/Athens
Greek	http://dbpedia.org/resource/Greece
Costis Stephnopoulos	NIL
Republic	NIL
Costis Stephanopoulos	http://dbpedia.org/resource/Konstantinos_Stephanopoulos
Costas Simitis	http://dbpedia.org/resource/Costas_Simitis
European Union	http://dbpedia.org/resource/European_Union
Turkey	NIL
Clinton	http://dbpedia.org/resource/Bill_Clinton
Laurence McQuillan	NIL
WASHINGTON	http://dbpedia.org/resource/Washington,_D.C.
Bill Clinton	http://dbpedia.org/resource/Bill_Clinton
Democrats	http://dbpedia.org/resource/Democratic_Party_(United_States)
Chicago	http://dbpedia.org/resource/Chicago
Clinton	http://dbpedia.org/resource/Bill_Clinton
Republican	http://dbpedia.org/resource/Republican_Party_(United_States)
Bob Dole	http://dbpedia.org/resource/Bob_Dole
Republican-controlled	NIL
Congress	http://dbpedia.org/resource/United_States_Congress
Clinton	http://dbpedia.org/resource/Bill_Clinton
Clinton	http://dbpedia.org/resource/Bill_Clinton
Clinton	http://dbpedia.org/resource/Bill_Clinton
Janet Reno	http://dbpedia.org/resource/Janet_Reno
FBI	http://dbpedia.org/resource/Federal_Bureau_of_Investigation
Clinton	http://dbpedia.org/resource/Bill_Clinton
Clinton	http://dbpedia.org/resource/Bill_Clinton
Clinton	http://dbpedia.org/resource/Bill_Clinton
White House	http://dbpedia.org/resource/White_House
Clinton	http://dbpedia.org/resource/Bill_Clinton
America	http://dbpedia.org/resource/United_States
Clinton	http://dbpedia.org/resource/Bill_Clinton
Republican	http://dbpedia.org/resource/Republican_Party_(United_States)
House	NIL
Senate	NIL
America	http://dbpedia.org/resource/United_States
Clinton	http://dbpedia.org/resource/Bill_Clinton
Clinton	http://dbpedia.org/resource/Bill_Clinton
West Virginia	http://dbpedia.org/resource/West_Virginia
Kentucky	http://dbpedia.org/resource/Kentucky
Ohio	http://dbpedia.org/resource/Ohio
Michigan	http://dbpedia.org/resource/Michigan
Indiana	http://dbpedia.org/resource/Indiana
Democrats	http://dbpedia.org/resource/Democratic_Party_(United_States)
Chicago	http://dbpedia.org/resource/Chicago
Clinton	http://dbpedia.org/resource/Bill_Clinton
White House	http://dbpedia.org/resource/White_House
Mike McCurry	http://dbpedia.org/resource/Mike_McCurry_(press_secretary)
McCurry	NIL
Clinton	http://dbpedia.org/resource/Bill_Clinton
Democrats	http://dbpedia.org/resource/Democratic_Party_(United_States)
White House	http://dbpedia.org/resource/White_House
Moslem	http://dbpedia.org/resource/Islam
Serb-held	NIL
Samir Arnaut	NIL
MATUZICI	http://dbpedia.org/resource/Matuzići
Bosnia	http://dbpedia.org/resource/Bosnia
Moslem	http://dbpedia.org/resource/Islam
Bosnia	http://dbpedia.org/resource/Bosnia
Serb	http://dbpedia.org/resource/Serbia
Serb-held	NIL
Doboj	http://dbpedia.org/resource/Doboj
NATO	http://dbpedia.org/resource/NATO_intervention_in_Bosnia
Matuzici	http://dbpedia.org/resource/Matuzići
Doboj	http://dbpedia.org/resource/Doboj
Bosnia	http://dbpedia.org/resource/Bosnia
United Nations	http://dbpedia.org/resource/United_Nations
European Union	http://dbpedia.org/resource/European_Union
Doboj	http://dbpedia.org/resource/Doboj
Bosnia	http://dbpedia.org/resource/Bosnia
Moslem-led	NIL
Moslems	http://dbpedia.org/resource/Islam
Western-organised	NIL
Serb	http://dbpedia.org/resource/Serbia
Moslem	http://dbpedia.org/resource/Islam
Serbs	http://dbpedia.org/resource/Serbs
Bosnia	http://dbpedia.org/resource/Bosnia
Doboj	http://dbpedia.org/resource/Doboj
Dayton	http://dbpedia.org/resource/Dayton_Agreement
Edhem Efendija Camdzic	NIL
Doboj	http://dbpedia.org/resource/Doboj
Islamic	http://dbpedia.org/resource/Islam
Reuf Mehemdagic	NIL
Doboj	http://dbpedia.org/resource/Doboj
Serbs	http://dbpedia.org/resource/Serbs
Doboj	http://dbpedia.org/resource/Doboj
Bosnia	http://dbpedia.org/resource/Bosnia
Mirhunisa Komarica	NIL
Bosnian	http://dbpedia.org/resource/Bosnia
Ejup Ganic	http://dbpedia.org/resource/Ejup_Ganić
Moslem	http://dbpedia.org/resource/Islam
Serbs	http://dbpedia.org/resource/Serbs
Doboj	http://dbpedia.org/resource/Doboj
Doboj	http://dbpedia.org/resource/Doboj
Doboj	http://dbpedia.org/resource/Doboj
Serbs	http://dbpedia.org/resource/Serbs
Dayton	http://dbpedia.org/resource/Dayton_Agreement
Moslem	http://dbpedia.org/resource/Islam
Serb	http://dbpedia.org/resource/Serbia
Croat	http://dbpedia.org/resource/Independent_State_of_Croatia
Bosnia	http://dbpedia.org/resource/Bosnia
Bosnia	http://dbpedia.org/resource/Bosnia
Moslems	http://dbpedia.org/resource/Islam
Serb-controlled	NIL
NATO-led	NIL
Doboj	http://dbpedia.org/resource/Doboj
Inter-Entity Boundary Line	NIL
Doboj	http://dbpedia.org/resource/Doboj
Moslems	http://dbpedia.org/resource/Islam
Serbs	http://dbpedia.org/resource/Serbs
Moslem	http://dbpedia.org/resource/Islam
Lebanese	http://dbpedia.org/resource/Lebanon
TRIPOLI	http://dbpedia.org/resource/Tripoli,_Lebanon
Lebanon	http://dbpedia.org/resource/Lebanon
Lebanon	http://dbpedia.org/resource/Lebanon
OSCE	NIL
Kurt Schork	http://dbpedia.org/resource/Kurt_Schork
SARAJEVO	http://dbpedia.org/resource/Sarajevo
Bosnia	http://dbpedia.org/resource/Bosnia
OSCE	NIL
Organisation for Security and Cooperation in Europe	NIL
OSCE	NIL
Serb	http://dbpedia.org/resource/Serbia
Provisional Election Commission	NIL
OSCE	NIL
Agota Kuperman	NIL
Sarajevo	http://dbpedia.org/resource/Sarajevo
Kuperman	NIL
Dayton	http://dbpedia.org/resource/Dayton_Agreement
OSCE	NIL
Bosnian	http://dbpedia.org/resource/Bosnia
Provisional Election Commission	NIL
OSCE	NIL
Bosnia	http://dbpedia.org/resource/Bosnia
PEC	NIL
Bosnia	http://dbpedia.org/resource/Bosnia
Moslem-Croat	NIL
Serb	http://dbpedia.org/resource/Serbia
House of Representatives	http://dbpedia.org/resource/House_of_Representatives
Sarajevo	http://dbpedia.org/resource/Sarajevo
Dnevi Avaz	NIL
Bosnia	http://dbpedia.org/resource/Bosnia
Moslem	http://dbpedia.org/resource/Islam
SDA	http://dbpedia.org/resource/Party_of_Democratic_Action
OSCE	NIL
SDA	http://dbpedia.org/resource/Party_of_Democratic_Action
Provisional Election Commission	NIL
Dnevi Avaz	NIL
OSCE	NIL
OSCE	NIL
Sarajevo	http://dbpedia.org/resource/Sarajevo
Frowick	NIL
PEC	NIL
Robert Frowick	NIL
American	http://dbpedia.org/resource/People_of_the_United_States
OSCE	NIL
Bosnia	http://dbpedia.org/resource/Bosnia
OSCE	NIL
Serb	http://dbpedia.org/resource/Serbia
Moslem	http://dbpedia.org/resource/Islam
Bosnian	http://dbpedia.org/resource/Bosnia_(region)
Serb	http://dbpedia.org/resource/Serbia
Bosnia	http://dbpedia.org/resource/Bosnia
Serb	http://dbpedia.org/resource/Serbia
U.N.	http://dbpedia.org/resource/United_Nations
Balkans	http://dbpedia.org/resource/Balkans
Bosia-Hercegovina	NIL
Soren Jessen-Petersen	http://dbpedia.org/resource/Søren_Jessen-Petersen
U.N.	http://dbpedia.org/resource/United_Nations
Former Yugoslavia	NIL
Gore	http://dbpedia.org/resource/Al_Gore
Michael Posner	NIL
CHICAGO	http://dbpedia.org/resource/Chicago
Al Gore	http://dbpedia.org/resource/Al_Gore
Bill Clinton	http://dbpedia.org/resource/Bill_Clinton
Democratic	http://dbpedia.org/resource/Democratic_Party_(United_States)
Bob Dole	http://dbpedia.org/resource/Bob_Dole
House	NIL
Newt Gingrich	http://dbpedia.org/resource/Newt_Gingrich
Clinton	http://dbpedia.org/resource/Bill_Clinton
Democratic Convention	http://dbpedia.org/resource/Democratic_National_Convention
Gore	http://dbpedia.org/resource/Al_Gore
Gore	http://dbpedia.org/resource/Al_Gore
Clinton	http://dbpedia.org/resource/Bill_Clinton
Gore	http://dbpedia.org/resource/Al_Gore
Congress	http://dbpedia.org/resource/United_States_Congress
pro-Israel	NIL
New York	http://dbpedia.org/resource/New_York_City
Gore	http://dbpedia.org/resource/Al_Gore
Republican	http://dbpedia.org/resource/Republican_Party_(United_States)
Dole	http://dbpedia.org/resource/Bob_Dole
Gingrich	http://dbpedia.org/resource/Newt_Gingrich
Democrats	http://dbpedia.org/resource/Democratic_Party_(United_States)
Gore	http://dbpedia.org/resource/Al_Gore
Dole	http://dbpedia.org/resource/Bob_Dole
Gingrich	http://dbpedia.org/resource/Newt_Gingrich
Jack Kemp	http://dbpedia.org/resource/Jack_Kemp
Dole	http://dbpedia.org/resource/Bob_Dole
Dole	http://dbpedia.org/resource/Bob_Dole
Gingrich	http://dbpedia.org/resource/Newt_Gingrich
Gore	http://dbpedia.org/resource/Al_Gore
Gore	http://dbpedia.org/resource/Al_Gore
Wisconsin	http://dbpedia.org/resource/Wisconsin
Gore	http://dbpedia.org/resource/Al_Gore
Wisconsin	http://dbpedia.org/resource/Wisconsin
Gingrich / Dole Congress	NIL
Gore	http://dbpedia.org/resource/Al_Gore
Supreme Court	http://dbpedia.org/resource/Supreme_Court_of_the_United_States
Gingrich Congress	NIL
Dole White House	NIL
Supreme Court	http://dbpedia.org/resource/Supreme_Court_of_the_United_States
Republicans	http://dbpedia.org/resource/Republican_Party_(United_States)
White House	http://dbpedia.org/resource/White_House
Congress	http://dbpedia.org/resource/United_States_Congress
Medicare	http://dbpedia.org/resource/Medicare_(United_States)
Medicaid	NIL
Republicans	http://dbpedia.org/resource/Republican_Party_(United_States)
Wisconsin	http://dbpedia.org/resource/Wisconsin
America	http://dbpedia.org/resource/United_States
Bill Clinton	http://dbpedia.org/resource/Bill_Clinton
Dole	http://dbpedia.org/resource/Bob_Dole
Gore	http://dbpedia.org/resource/Al_Gore
Dole	http://dbpedia.org/resource/Bob_Dole
Clinton	http://dbpedia.org/resource/Bill_Clinton
Wisconsin	http://dbpedia.org/resource/Wisconsin
Gore	http://dbpedia.org/resource/Al_Gore
Dole	http://dbpedia.org/resource/Bob_Dole
Gore	http://dbpedia.org/resource/Al_Gore
Wisconsin	http://dbpedia.org/resource/Wisconsin
Clinton	http://dbpedia.org/resource/Bill_Clinton
Republican	http://dbpedia.org/resource/Republican_Party_(United_States)
Congress	http://dbpedia.org/resource/United_States_Congress
Clean Air Act	NIL
Republicans	http://dbpedia.org/resource/Republican_Party_(United_States)
Gore	http://dbpedia.org/resource/Al_Gore
Reeve	http://dbpedia.org/resource/Christopher_Reeve
Democrats	http://dbpedia.org/resource/Democratic_Party_(United_States)
CHICAGO	http://dbpedia.org/resource/Chicago
Democratic	http://dbpedia.org/resource/Democratic_Party_(United_States)
Sarah Brady	http://dbpedia.org/resource/Sarah_Brady
Christopher Reeve	http://dbpedia.org/resource/Christopher_Reeve
Rep.	http://dbpedia.org/resource/Republican_Party_(United_States)
Richard Gephardt	http://dbpedia.org/resource/Dick_Gephardt
Thomas Daschle	http://dbpedia.org/resource/Tom_Daschle
Sarah Brady	http://dbpedia.org/resource/Sarah_Brady
Ronald Reagan	http://dbpedia.org/resource/Ronald_Reagan
James Brady	http://dbpedia.org/resource/James_Brady
Handgun Control Inc.	NIL
Sarah Brady	http://dbpedia.org/resource/Sarah_Brady
Reagan	http://dbpedia.org/resource/Ronald_Reagan
Brady Bill	NIL
Reagan	http://dbpedia.org/resource/Ronald_Reagan
Brady	http://dbpedia.org/resource/James_Brady
John Hinckley Jr	http://dbpedia.org/resource/John_Hinckley,_Jr.
Sarah	http://dbpedia.org/resource/Sarah_Brady
Brady	http://dbpedia.org/resource/James_Brady
James Scott Brady Jr	NIL
Republican	http://dbpedia.org/resource/Republican_Party_(United_States)
Republican Party	http://dbpedia.org/resource/Republican_Party_(United_States)
Christopher Reeve	http://dbpedia.org/resource/Christopher_Reeve
Reeve	http://dbpedia.org/resource/Christopher_Reeve
Superman	http://dbpedia.org/resource/Superman_(film)
Reeve	http://dbpedia.org/resource/Christopher_Reeve
Culpepper	http://dbpedia.org/resource/Culpeper,_Virginia
Virginia	http://dbpedia.org/resource/Virginia
Reeve	http://dbpedia.org/resource/Christopher_Reeve
Democratic National Convention	http://dbpedia.org/resource/Democratic_National_Convention
Reeve	http://dbpedia.org/resource/Christopher_Reeve
Superman	http://dbpedia.org/resource/Superman_(film)
Richard Gephardt	http://dbpedia.org/resource/Dick_Gephardt
Gephardt	http://dbpedia.org/resource/Dick_Gephardt
House	NIL
Democratic	http://dbpedia.org/resource/Democratic_Party_(United_States)
Mr Clean	http://dbpedia.org/resource/Mr._Clean
Gephardt	http://dbpedia.org/resource/Dick_Gephardt
St. Louis	http://dbpedia.org/resource/St._Louis,_Missouri
House	NIL
Democrats	http://dbpedia.org/resource/Democratic_Party_(United_States)
Bill Clinton	http://dbpedia.org/resource/Bill_Clinton
Republican-led	http://dbpedia.org/resource/Republican_Party_(United_States)
Congress	http://dbpedia.org/resource/United_States_Congress
Republican-written	NIL
U.S.	http://dbpedia.org/resource/United_States
Ronald Reagan	http://dbpedia.org/resource/Ronald_Reagan
Gephardt	http://dbpedia.org/resource/Dick_Gephardt
Democratic	http://dbpedia.org/resource/Democratic_Party_(United_States)
Tom Daschle	http://dbpedia.org/resource/Tom_Daschle
Daschle	http://dbpedia.org/resource/Tom_Daschle
Washington	http://dbpedia.org/resource/Washington,_D.C.
South Dakota	http://dbpedia.org/resource/South_Dakota
Senate	NIL
Democratic	http://dbpedia.org/resource/Democratic_Party_(United_States)
Republicans	http://dbpedia.org/resource/Republican_Party_(United_States)
Senate	NIL
Midwest	http://dbpedia.org/resource/Midwestern_United_States
Democratic	http://dbpedia.org/resource/Democratic_Party_(United_States)
Republican	http://dbpedia.org/resource/Republican_Party_(United_States)
Senate	NIL
Republican	http://dbpedia.org/resource/Republican_Party_(United_States)
Bob Dole	http://dbpedia.org/resource/Bob_Dole
Dole	http://dbpedia.org/resource/Bob_Dole
Senate	NIL
Agent Orange	http://dbpedia.org/resource/Agent_Orange
Vietnam War	http://dbpedia.org/resource/Vietnam_War
Daschle	http://dbpedia.org/resource/Tom_Daschle
Bill Clinton	http://dbpedia.org/resource/Bill_Clinton
White House	http://dbpedia.org/resource/White_House
Clinton	http://dbpedia.org/resource/Bill_Clinton
Republican-initiated	NIL
Congress	http://dbpedia.org/resource/United_States_Congress
Air Force	http://dbpedia.org/resource/United_States_Air_Force
House of Representatives	NIL
OSCE	NIL
Bosnian	http://dbpedia.org/resource/Bosnia
SARAJEVO	http://dbpedia.org/resource/Sarajevo
U.S.	http://dbpedia.org/resource/United_States
Bosnia	http://dbpedia.org/resource/Bosnia
Serbs	http://dbpedia.org/resource/Serbia
Robert Frowick	NIL
Organisation for Security and Cooperation in Europe	NIL
OSCE	NIL
Bosnian	http://dbpedia.org/resource/Bosnia
Frowick	NIL
OSCE	NIL
Serb	http://dbpedia.org/resource/Serbia
Serb	http://dbpedia.org/resource/Serbia
Moslem	http://dbpedia.org/resource/Islam
Serbia	http://dbpedia.org/resource/Serbia
Bosnian Serb	http://dbpedia.org/resource/Republika_Srpska
Serb	http://dbpedia.org/resource/Serbia
Dayton	http://dbpedia.org/resource/Dayton_Agreement
Bosnian Serbs	NIL
OSCE	NIL
Bosnian Serb	http://dbpedia.org/resource/Republika_Srpska
Bosnian Serb	http://dbpedia.org/resource/Republika_Srpska
OSCE	NIL
Dayton	http://dbpedia.org/resource/Dayton_Agreement
Serbs	http://dbpedia.org/resource/Serbia
Bosnia	http://dbpedia.org/resource/Bosnia
Serb	http://dbpedia.org/resource/Serbia
Bosnia	http://dbpedia.org/resource/Bosnia
Dayton	http://dbpedia.org/resource/Dayton_Agreement
Estonian	http://dbpedia.org/resource/Estonia
Belinda Goldsmith	NIL
TALLINN	http://dbpedia.org/resource/Tallinn
Estonia	http://dbpedia.org/resource/Estonia
Lennart Meri	http://dbpedia.org/resource/Lennart_Meri
Meri	http://dbpedia.org/resource/Lennart_Meri
Estonia	http://dbpedia.org/resource/Estonia
Soviet Union	http://dbpedia.org/resource/Soviet_Union
Arnold Ruutel	http://dbpedia.org/resource/Arnold_Rüütel
Meri	http://dbpedia.org/resource/Lennart_Meri
Meri	http://dbpedia.org/resource/Lennart_Meri
Estonia	http://dbpedia.org/resource/Estonia
Meri	http://dbpedia.org/resource/Lennart_Meri
Reform Party	http://dbpedia.org/resource/Estonian_Reform_Party
Heiki Kranich	NIL
Reuters	http://dbpedia.org/resource/Reuters
Meri	http://dbpedia.org/resource/Lennart_Meri
Ruutel	http://dbpedia.org/resource/Arnold_Rüütel
Meri	http://dbpedia.org/resource/Lennart_Meri
Ruutel	http://dbpedia.org/resource/Arnold_Rüütel
Soviet	http://dbpedia.org/resource/Soviet_Union
Meri	http://dbpedia.org/resource/Lennart_Meri
Ruutel	http://dbpedia.org/resource/Arnold_Rüütel
Estonia	http://dbpedia.org/resource/Estonia
TALLINN	http://dbpedia.org/resource/Tallinn
Estonian	http://dbpedia.org/resource/Estonia
Lennart Meri	http://dbpedia.org/resource/Lennart_Meri
Meri	http://dbpedia.org/resource/Lennart_Meri
Arnold Ruutel	http://dbpedia.org/resource/Arnold_Rüütel
Meri	http://dbpedia.org/resource/Lennart_Meri
Ruutel	http://dbpedia.org/resource/Arnold_Rüütel
Meri	http://dbpedia.org/resource/Lennart_Meri
Ruutel	http://dbpedia.org/resource/Arnold_Rüütel
Enn Markvart	NIL
National Election Commission	NIL
Soviet	http://dbpedia.org/resource/Soviet_Union
Estonia	http://dbpedia.org/resource/Estonia
TALLINN	http://dbpedia.org/resource/Tallinn
Estonia	http://dbpedia.org/resource/Estonia
Lennart Meri	http://dbpedia.org/resource/Lennart_Meri
Arnold Ruutel	http://dbpedia.org/resource/Arnold_Rüütel
Meri	http://dbpedia.org/resource/Lennart_Meri
GMT	http://dbpedia.org/resource/Greenwich_Mean_Time
Enn Markvart	NIL
National Election Commission	NIL
Meri	http://dbpedia.org/resource/Lennart_Meri
Ruutel	http://dbpedia.org/resource/Arnold_Rüütel
Meri	http://dbpedia.org/resource/Lennart_Meri
Clinton	http://dbpedia.org/resource/Bill_Clinton
Dole	http://dbpedia.org/resource/Bob_Dole
CHICAGO	http://dbpedia.org/resource/Chicago
ABC News	http://dbpedia.org/resource/American_Broadcasting_Company
Bill Clinton	http://dbpedia.org/resource/Bill_Clinton
Republican	http://dbpedia.org/resource/Republican_Party_(United_States)
Bob Dole	http://dbpedia.org/resource/Bob_Dole
Democratic Convention	http://dbpedia.org/resource/Democratic_National_Convention
Chicago	http://dbpedia.org/resource/Chicago
Clinton	http://dbpedia.org/resource/Bill_Clinton
Dole	http://dbpedia.org/resource/Bob_Dole
Ross Perot	http://dbpedia.org/resource/Ross_Perot
Reform Party	http://dbpedia.org/resource/Reform_Party_of_the_United_States_of_America
Clinton	http://dbpedia.org/resource/Bill_Clinton
Dole	http://dbpedia.org/resource/Bob_Dole
ABC	http://dbpedia.org/resource/American_Broadcasting_Company
Republican	http://dbpedia.org/resource/Republican_Party_(United_States)
San Diego	http://dbpedia.org/resource/San_Diego
Dole	http://dbpedia.org/resource/Bob_Dole
San Diego	http://dbpedia.org/resource/San_Diego
Clinton	http://dbpedia.org/resource/Bill_Clinton
ABC	http://dbpedia.org/resource/American_Broadcasting_Company
Clinton	http://dbpedia.org/resource/Bill_Clinton
Dole	http://dbpedia.org/resource/Bob_Dole
Perot	http://dbpedia.org/resource/Ross_Perot
Democrats	http://dbpedia.org/resource/Democratic_Party_(United_States)
House of Representatives	http://dbpedia.org/resource/House_of_Representatives
Democrat	http://dbpedia.org/resource/Democratic_Party_(United_States)
Republican	http://dbpedia.org/resource/Republican_Party_(United_States)
Democrats	http://dbpedia.org/resource/Democratic_Party_(United_States)
Clinton	http://dbpedia.org/resource/Bill_Clinton
Dole	http://dbpedia.org/resource/Bob_Dole
Perot	http://dbpedia.org/resource/Ross_Perot
Dole	http://dbpedia.org/resource/Bob_Dole
Bosnians	NIL
Duncan Shiels	NIL
NAGYATAD	http://dbpedia.org/resource/Nagyatád
Hungary	http://dbpedia.org/resource/Hungary
Bosnian	http://dbpedia.org/resource/Bosnia
Hungary	http://dbpedia.org/resource/Hungary
Nagyatad	http://dbpedia.org/resource/Nagyatád
Lajos Horvath	NIL
Reuters	http://dbpedia.org/resource/Reuters
Bosnian	http://dbpedia.org/resource/Bosnia
Bosnians	NIL
Organisation for Security and Cooperation in Europe	NIL
Hungarian	http://dbpedia.org/resource/Hungary
Moslem	http://dbpedia.org/resource/Islam
Hungary	http://dbpedia.org/resource/Hungary
Nagyatad	http://dbpedia.org/resource/Nagyatád
OSCE	NIL
Bosnian-Croat Federation	NIL
Moslems	http://dbpedia.org/resource/Islam
Serb-controlled	NIL
Republika Srbska	NIL
Serbs	http://dbpedia.org/resource/Serbia
Dayton	http://dbpedia.org/resource/Dayton,_Ohio
Bosnians	NIL
Adem Hodzic	NIL
Reuters	http://dbpedia.org/resource/Reuters
Bosnian Moslems	NIL
House of Representatives	NIL
Bosnia-Hercegovina	NIL
Moslem-Croat Federation	NIL
Republika Srbska	NIL
Hungary	http://dbpedia.org/resource/Hungary
OSCE	NIL
Husein Micijevic	NIL
Hungarian	http://dbpedia.org/resource/Hungary
Mandolina Zelic	NIL
Bosnian Croat	NIL
Nagyatad	http://dbpedia.org/resource/Nagyatád
Reuters	http://dbpedia.org/resource/Reuters
Maria Szabo	NIL
Hungarian	http://dbpedia.org/resource/Hungary
OSCE	NIL
Reuters	http://dbpedia.org/resource/Reuters
OSCE	NIL
Estonia	http://dbpedia.org/resource/Estonia
TALLINN	http://dbpedia.org/resource/Tallinn
Estonia	http://dbpedia.org/resource/Estonia
Baltic	NIL
Lennart Meri	http://dbpedia.org/resource/Lennart_Meri
Arnold Ruutel	http://dbpedia.org/resource/Arnold_Rüütel
Meri	http://dbpedia.org/resource/Lennart_Meri
Soviet	http://dbpedia.org/resource/Soviet_Union
Reuters	http://dbpedia.org/resource/Reuters
Toomas Savi	http://dbpedia.org/resource/Toomas_Savi
Meri	http://dbpedia.org/resource/Lennart_Meri
Ruutel	http://dbpedia.org/resource/Arnold_Rüütel
Lamm	http://dbpedia.org/resource/Richard_Lamm
Perot	http://dbpedia.org/resource/Ross_Perot
Reform ticket-CNN	NIL
WASHINGTON	http://dbpedia.org/resource/Washington,_D.C.
Colorado	http://dbpedia.org/resource/Colorado
Democratic	http://dbpedia.org/resource/Democratic_Party_(United_States)
Richard Lamm	http://dbpedia.org/resource/Richard_Lamm
Ross Perot	http://dbpedia.org/resource/Ross_Perot
Reform Party	http://dbpedia.org/resource/Reform_Party_of_the_United_States_of_America
CNN	http://dbpedia.org/resource/CNN
CNN	http://dbpedia.org/resource/CNN
Lamm	http://dbpedia.org/resource/Richard_Lamm
Perot	http://dbpedia.org/resource/Ross_Perot
Perot	http://dbpedia.org/resource/Ross_Perot
Perot	http://dbpedia.org/resource/Ross_Perot
Chicago	http://dbpedia.org/resource/Chicago
Lamm	http://dbpedia.org/resource/Richard_Lamm
Colorado	http://dbpedia.org/resource/Colorado
Reform Party	http://dbpedia.org/resource/Reform_Party_of_the_United_States_of_America
Democratic	http://dbpedia.org/resource/Democratic_Party_(United_States)
Republican	http://dbpedia.org/resource/Republican_Party_(United_States)
Lamm	http://dbpedia.org/resource/Richard_Lamm
Clinton	http://dbpedia.org/resource/Bill_Clinton
Perot	http://dbpedia.org/resource/Ross_Perot
ND	NIL
SPOT THOMSON	NIL
BOLD / OGILVY, MATHER	NIL
AD	NIL
ATHENS	http://dbpedia.org/resource/Athens
Greek	http://dbpedia.org/resource/Greece
New democracy	NIL
Bold / Ogilvy and Mather	NIL
Spot Thomson	NIL
Miltiadis Evert	http://dbpedia.org/resource/Miltiadis_Evert
Spot Thomson	NIL
Dimitris Kontogiannis	NIL
Athens Newsroom	NIL
Zaire	http://dbpedia.org/resource/Democratic_Republic_of_the_Congo
KINSHASA	http://dbpedia.org/resource/Kinshasa
Zaire	http://dbpedia.org/resource/Democratic_Republic_of_the_Congo
National Election Commission	NIL
CNE	NIL
Central African	NIL
Kinshasa	http://dbpedia.org/resource/Kinshasa
Zaire	http://dbpedia.org/resource/Democratic_Republic_of_the_Congo
Commission	NIL
Yoka Lye Mudaba	NIL
North	http://dbpedia.org/resource/North_Kivu
South Kivu	http://dbpedia.org/resource/South_Kivu
Maniema	http://dbpedia.org/resource/Maniema
Shaba	NIL
Bandundu	http://dbpedia.org/resource/Bandundu
Mobutu Sese Seko	http://dbpedia.org/resource/Mobutu_Sese_Seko
Zaire	http://dbpedia.org/resource/Democratic_Republic_of_the_Congo
Mobutu	http://dbpedia.org/resource/Mobutu_Sese_Seko
Senegal	http://dbpedia.org/resource/Senegal
DAKAR	http://dbpedia.org/resource/Dakar
Senegal	http://dbpedia.org/resource/Senegal
interior ministry	http://dbpedia.org/resource/Interior_ministry
Senegalese	http://dbpedia.org/resource/Senegal
Chad	NIL
N'DJAMENA	NIL
Chad	NIL
Idriss Deby	http://dbpedia.org/resource/Idriss_Déby
Central African	NIL
Deby	NIL
Republican Front	NIL
Deby	NIL
Patriotic Salvation Movement	http://dbpedia.org/resource/Patriotic_Salvation_Movement
Kornblum	http://dbpedia.org/resource/John_C._Kornblum
Milosevic	http://dbpedia.org/resource/Slobodan_Milošević
Peter Greste	NIL
BELGRADE	http://dbpedia.org/resource/Belgrade
U.S.	http://dbpedia.org/resource/United_States
John Kornblum	http://dbpedia.org/resource/John_C._Kornblum
Serbian	http://dbpedia.org/resource/Serbia
Slobodan Milosevic	http://dbpedia.org/resource/Slobodan_Milošević
Bosnia	http://dbpedia.org/resource/Bosnia
American	http://dbpedia.org/resource/United_States
Belgrade	http://dbpedia.org/resource/Belgrade
Bosnia	http://dbpedia.org/resource/Bosnia
Serb	http://dbpedia.org/resource/Serbia
Republika Srpska	http://dbpedia.org/resource/Republika_Srpska
Bosnian Serb	http://dbpedia.org/resource/Republika_Srpska
Kornblum	http://dbpedia.org/resource/John_C._Kornblum
United States	http://dbpedia.org/resource/United_States
Bosnia	http://dbpedia.org/resource/Bosnia
Kornblum	http://dbpedia.org/resource/John_C._Kornblum
Milosevic	http://dbpedia.org/resource/Slobodan_Milošević
Bosnian Serbs	NIL
Bosnia	http://dbpedia.org/resource/Bosnia
Moslem	http://dbpedia.org/resource/Islam
Serbian	http://dbpedia.org/resource/Serbia
Bosnian Serb	http://dbpedia.org/resource/Republika_Srpska
Serb-held	NIL
Bosnia	http://dbpedia.org/resource/Bosnia
Serbian	http://dbpedia.org/resource/Serbia
Bosnian Serbs	NIL
Kornblum	http://dbpedia.org/resource/John_C._Kornblum
Organisation for Security and Cooperation in Europe	NIL
OSCE	NIL
OSCE	NIL
Milosevic	http://dbpedia.org/resource/Slobodan_Milošević
Kornblum	http://dbpedia.org/resource/John_C._Kornblum
Croatian	http://dbpedia.org/resource/Croatia
Zagreb	http://dbpedia.org/resource/Zagreb
Bosnian	http://dbpedia.org/resource/Bosnia
Banja Luka	http://dbpedia.org/resource/Banja_Luka
Bosnian Serb	http://dbpedia.org/resource/Republika_Srpska
Biljana Plavsic	http://dbpedia.org/resource/Biljana_Plavšić
Bosnian Serb	http://dbpedia.org/resource/Republika_Srpska
Sarajevo	http://dbpedia.org/resource/Sarajevo
Croat	http://dbpedia.org/resource/Croatia
Bosnia	http://dbpedia.org/resource/Bosnia
U.N.	http://dbpedia.org/resource/United_Nations
NATO	http://dbpedia.org/resource/NATO
Bosnia	http://dbpedia.org/resource/Bosnia
Bosnia	http://dbpedia.org/resource/Bosnia
Serb	http://dbpedia.org/resource/Serbia
Moslem-Croat	NIL
Mexican	http://dbpedia.org/resource/Mexico
GMT	http://dbpedia.org/resource/Greenwich_Mean_Time
CHILPANCINGO	http://dbpedia.org/resource/Chilpancingo
Mexico	http://dbpedia.org/resource/Mexico
Mexican	http://dbpedia.org/resource/Mexico
Guerrero	http://dbpedia.org/resource/Guerrero
Acatepec	http://dbpedia.org/resource/Acatepec
Mexico City	http://dbpedia.org/resource/Mexico_City
Mexico	http://dbpedia.org/resource/Mexico
National Human Rights Commission	http://dbpedia.org/resource/National_Human_Rights_Commission_(Mexico)
Mayor Antonio Gonzalez Garcia	NIL
Revolutionary Workers ' Party	NIL
French	http://dbpedia.org/resource/France
Agir Ensemble pour les Droits de l'Homme	NIL
Angel Aguirre	NIL
Popular Revolutionary Army	http://dbpedia.org/resource/Popular_Revolutionary_Army
Aguirre	NIL
Clinton	http://dbpedia.org/resource/Bill_Clinton
Democratic	http://dbpedia.org/resource/Democratic_Party_(United_States)
CHICAGO	http://dbpedia.org/resource/Chicago
Bill Clinton	http://dbpedia.org/resource/Bill_Clinton
Democratic	http://dbpedia.org/resource/Democratic_Party_(United_States)
White House	http://dbpedia.org/resource/White_House
Clinton	http://dbpedia.org/resource/Bill_Clinton
Republican	http://dbpedia.org/resource/Republican_Party_(United_States)
Bob Dole	http://dbpedia.org/resource/Bob_Dole
Clinton	http://dbpedia.org/resource/Bill_Clinton
Chicago	http://dbpedia.org/resource/Chicago
CHICAGO	http://dbpedia.org/resource/Chicago
Bill Clinton	http://dbpedia.org/resource/Bill_Clinton
Chicago	http://dbpedia.org/resource/Chicago
Democratic	http://dbpedia.org/resource/Democratic_Party_(United_States)
Clinton	http://dbpedia.org/resource/Bill_Clinton
Michigan City	http://dbpedia.org/resource/Michigan_City,_Indiana
Indiana	http://dbpedia.org/resource/Indiana
Washington	http://dbpedia.org/resource/Washington,_D.C.
Moslem	http://dbpedia.org/resource/Islam
SARAJEVO	http://dbpedia.org/resource/Sarajevo
Bosnia	http://dbpedia.org/resource/Bosnia
Moslem	http://dbpedia.org/resource/Islam
U.S.	http://dbpedia.org/resource/United_States
Bosnian	http://dbpedia.org/resource/Bosnia
U.S.	http://dbpedia.org/resource/United_States
John Kornblum	http://dbpedia.org/resource/John_C._Kornblum
SDA	http://dbpedia.org/resource/Party_of_Democratic_Action
Bosnian	http://dbpedia.org/resource/Bosnia
Alija Izetbegovic	http://dbpedia.org/resource/Alija_Izetbegović
U.S.	http://dbpedia.org/resource/United_States
Bosnia	http://dbpedia.org/resource/Bosnia
Party of Democratic Action	http://dbpedia.org/resource/Party_of_Democratic_Action
SDA	http://dbpedia.org/resource/Party_of_Democratic_Action
Serb	http://dbpedia.org/resource/Serbia
Organisation for Security and Cooperation in Europe	NIL
OSCE	NIL
SDA	http://dbpedia.org/resource/Party_of_Democratic_Action
OSCE	NIL
Dole	http://dbpedia.org/resource/Bob_Dole
IRVINE	http://dbpedia.org/resource/Irvine,_California
Calif	http://dbpedia.org/resource/California
Republicans	http://dbpedia.org/resource/Republican_Party_(United_States)
Clinton	http://dbpedia.org/resource/Bill_Clinton
Dole	http://dbpedia.org/resource/Bob_Dole
Clinton	http://dbpedia.org/resource/Bill_Clinton
Dole	http://dbpedia.org/resource/Bob_Dole
Scott Reed	NIL
Dole	http://dbpedia.org/resource/Bob_Dole
Scott Reed	NIL
Clinton	http://dbpedia.org/resource/Bill_Clinton
Peter Knight	NIL
South Carolina	http://dbpedia.org/resource/Governor_of_South_Carolina
Carroll Campbell	http://dbpedia.org/resource/Carroll_A._Campbell,_Jr.
Dole	http://dbpedia.org/resource/Bob_Dole
Dole	http://dbpedia.org/resource/Bob_Dole
Jack Kemp	http://dbpedia.org/resource/Jack_Kemp
Dole	http://dbpedia.org/resource/Bob_Dole
Texas	http://dbpedia.org/resource/Texas
Ross Perot	http://dbpedia.org/resource/Ross_Perot
Reform Party	http://dbpedia.org/resource/Reform_Party_of_the_United_States_of_America
Commission on Presidential Debates	http://dbpedia.org/resource/Commission_on_Presidential_Debates
League of Women Voters	http://dbpedia.org/resource/League_of_Women_Voters
Scottish Labour Party	http://dbpedia.org/resource/Scottish_Labour_Party
STIRLING	http://dbpedia.org/resource/Stirling
Scotland	http://dbpedia.org/resource/Scotland
British Labour Party	http://dbpedia.org/resource/Labour_Party_(UK)
Tony Blair	http://dbpedia.org/resource/Tony_Blair
Scottish	http://dbpedia.org/resource/Scotland
Scotland	http://dbpedia.org/resource/Scotland
Blair	http://dbpedia.org/resource/Tony_Blair
Scottish	http://dbpedia.org/resource/Scotland
Labour	http://dbpedia.org/resource/Labour_Party_(UK)
Scots	NIL
John Major	http://dbpedia.org/resource/John_Major
Scottish	http://dbpedia.org/resource/Scotland
English	http://dbpedia.org/resource/England
Conservative Party	http://dbpedia.org/resource/Conservative_Party_(UK)
Scottish	http://dbpedia.org/resource/Scotland
Scotland	http://dbpedia.org/resource/Scotland
Labour	http://dbpedia.org/resource/Labour_Party_(UK)
Scottish National Party	http://dbpedia.org/resource/Scottish_National_Party
UK	NIL
Conservative	http://dbpedia.org/resource/Conservative_Party_(UK)
LONDON	http://dbpedia.org/resource/London
UK	NIL
William Hill	http://dbpedia.org/resource/William_Hill_(bookmaker)
Conservative	http://dbpedia.org/resource/Conservative_Party_(UK)
William Hill	http://dbpedia.org/resource/William_Hill_(bookmaker)
Labour	http://dbpedia.org/resource/Labour_Party_(UK)
London Newsroom	NIL
